date,electricity_consumption,temp,heat_need,quarter,gdp_real,population,month,year,season,consumption_lag_1,consumption_lag_12,temp_lag_1,gdp_lag_1
1991-01-01,4594,-2.03,20.03,1991Q1,112415.0,6757188.0,1,1991,winter,4510.0,4589.0,-3.79,116723.0
1991-02-01,4381,-4.57,22.57,1991Q1,112415.0,6757188.0,2,1991,winter,4594.0,3921.0,-2.03,112415.0
1991-03-01,4127,3.08,14.92,1991Q1,112415.0,6757188.0,3,1991,spring,4381.0,4157.0,-4.57,112415.0
1991-04-01,3860,2.38,15.62,1991Q2,113345.0,6757188.0,4,1991,spring,4127.0,3796.0,3.08,112415.0
1991-05-01,3789,4.84,13.16,1991Q2,113345.0,6757188.0,5,1991,spring,3860.0,3581.0,2.38,113345.0
1991-06-01,3543,10.15,7.85,1991Q2,113345.0,6757188.0,6,1991,summer,3789.0,3513.0,4.84,113345.0
1991-07-01,3352,15.24,2.76,1991Q3,112346.0,6757188.0,7,1991,summer,3543.0,3346.0,10.15,113345.0
1991-08-01,3419,15.32,2.68,1991Q3,112346.0,6757188.0,8,1991,summer,3352.0,3373.0,15.24,112346.0
1991-09-01,3565,12.28,5.720000000000001,1991Q3,112346.0,6757188.0,9,1991,autumn,3419.0,3526.0,15.32,112346.0
1991-10-01,4066,5.04,12.96,1991Q4,115762.0,6757188.0,10,1991,autumn,3565.0,3967.0,12.28,112346.0
1991-11-01,4337,0.74,17.26,1991Q4,115762.0,6757188.0,11,1991,autumn,4066.0,4299.0,5.04,115762.0
1991-12-01,4553,-2.71,20.71,1991Q4,115762.0,6757188.0,12,1991,winter,4337.0,4510.0,0.74,115762.0
1992-01-01,4750,-2.45,20.45,1992Q1,112515.0,6842768.0,1,1992,winter,4553.0,4594.0,-2.71,115762.0
1992-02-01,4611,-1.44,19.44,1992Q1,112515.0,6842768.0,2,1992,winter,4750.0,4381.0,-2.45,112515.0
1992-03-01,4348,1.33,16.67,1992Q1,112515.0,6842768.0,3,1992,spring,4611.0,4127.0,-1.44,112515.0
1992-04-01,3835,3.66,14.34,1992Q2,113843.0,6842768.0,4,1992,spring,4348.0,3860.0,1.33,112515.0
1992-05-01,3648,10.05,7.949999999999999,1992Q2,113843.0,6842768.0,5,1992,spring,3835.0,3789.0,3.66,113843.0
1992-06-01,3473,10.81,7.19,1992Q2,113843.0,6842768.0,6,1992,summer,3648.0,3543.0,10.05,113843.0
1992-07-01,3417,14.38,3.619999999999999,1992Q3,112385.0,6842768.0,7,1992,summer,3473.0,3352.0,10.81,113843.0
1992-08-01,3463,16.19,1.8099999999999987,1992Q3,112385.0,6842768.0,8,1992,summer,3417.0,3419.0,14.38,112385.0
1992-09-01,3638,10.35,7.65,1992Q3,112385.0,6842768.0,9,1992,autumn,3463.0,3565.0,16.19,112385.0
1992-10-01,4105,3.94,14.06,1992Q4,114927.0,6842768.0,10,1992,autumn,3638.0,4066.0,10.35,112385.0
1992-11-01,4179,3.25,14.75,1992Q4,114927.0,6842768.0,11,1992,autumn,4105.0,4337.0,3.94,114927.0
1992-12-01,4399,-1.35,19.35,1992Q4,114927.0,6842768.0,12,1992,winter,4179.0,4553.0,3.25,114927.0
1993-01-01,4477,-0.04,18.04,1993Q1,110359.0,6907959.0,1,1993,winter,4399.0,4750.0,-1.35,114927.0
1993-02-01,4229,-2.68,20.68,1993Q1,110359.0,6907959.0,2,1993,winter,4477.0,4611.0,-0.04,110359.0
1993-03-01,4429,-0.13,18.13,1993Q1,110359.0,6907959.0,3,1993,spring,4229.0,4348.0,-2.68,110359.0
1993-04-01,3682,5.04,12.96,1993Q2,112854.0,6907959.0,4,1993,spring,4429.0,3835.0,-0.13,110359.0
1993-05-01,3525,9.56,8.44,1993Q2,112854.0,6907959.0,5,1993,spring,3682.0,3648.0,5.04,112854.0
1993-06-01,3510,12.09,5.91,1993Q2,112854.0,6907959.0,6,1993,summer,3525.0,3473.0,9.56,112854.0
1993-07-01,3377,12.41,5.59,1993Q3,113073.0,6907959.0,7,1993,summer,3510.0,3417.0,12.09,112854.0
1993-08-01,3415,13.84,4.16,1993Q3,113073.0,6907959.0,8,1993,summer,3377.0,3463.0,12.41,113073.0
1993-09-01,3664,8.84,9.16,1993Q3,113073.0,6907959.0,9,1993,autumn,3415.0,3638.0,13.84,113073.0
1993-10-01,4045,4.77,13.23,1993Q4,116812.0,6907959.0,10,1993,autumn,3664.0,4105.0,8.84,113073.0
1993-11-01,4436,-1.04,19.04,1993Q4,116812.0,6907959.0,11,1993,autumn,4045.0,4179.0,4.77,116812.0
1993-12-01,4450,-0.5,18.5,1993Q4,116812.0,6907959.0,12,1993,winter,4436.0,4399.0,-1.04,116812.0
1994-01-01,4501,-1.44,19.44,1994Q1,113331.0,6968570.0,1,1994,winter,4450.0,4477.0,-0.5,116812.0
1994-02-01,4193,-1.94,19.94,1994Q1,113331.0,6968570.0,2,1994,winter,4501.0,4229.0,-1.44,113331.0
1994-03-01,4117,4.33,13.67,1994Q1,113331.0,6968570.0,3,1994,spring,4193.0,4429.0,-1.94,113331.0
1994-04-01,3856,2.43,15.57,1994Q2,113343.0,6968570.0,4,1994,spring,4117.0,3682.0,4.33,113331.0
1994-05-01,3629,8.72,9.28,1994Q2,113343.0,6968570.0,5,1994,spring,3856.0,3525.0,2.43,113343.0
1994-06-01,3613,12.17,5.83,1994Q2,113343.0,6968570.0,6,1994,summer,3629.0,3510.0,8.72,113343.0
1994-07-01,3358,16.56,1.4400000000000013,1994Q3,114205.0,6968570.0,7,1994,summer,3613.0,3377.0,12.17,113343.0
1994-08-01,3431,15.01,2.99,1994Q3,114205.0,6968570.0,8,1994,summer,3358.0,3415.0,16.56,114205.0
1994-09-01,3696,9.73,8.27,1994Q3,114205.0,6968570.0,9,1994,autumn,3431.0,3664.0,15.01,114205.0
1994-10-01,3989,6.18,11.82,1994Q4,117972.0,6968570.0,10,1994,autumn,3696.0,4045.0,9.73,114205.0
1994-11-01,4124,4.75,13.25,1994Q4,117972.0,6968570.0,11,1994,autumn,3989.0,4436.0,6.18,117972.0
1994-12-01,4390,0.11,17.89,1994Q4,117972.0,6968570.0,12,1994,winter,4124.0,4450.0,4.75,117972.0
1995-01-01,4822,-3.79,21.79,1995Q1,113096.0,7019019.0,1,1995,winter,4390.0,4501.0,0.11,117972.0
1995-02-01,4065,0.64,17.36,1995Q1,113096.0,7019019.0,2,1995,winter,4822.0,4193.0,-3.79,113096.0
1995-03-01,4473,-1.15,19.15,1995Q1,113096.0,7019019.0,3,1995,spring,4065.0,4117.0,0.64,113096.0
1995-04-01,3733,4.28,13.72,1995Q2,114707.0,7019019.0,4,1995,spring,4473.0,3856.0,-1.15,113096.0
1995-05-01,3716,8.05,9.95,1995Q2,114707.0,7019019.0,5,1995,spring,3733.0,3629.0,4.28,114707.0
1995-06-01,3616,9.86,8.14,1995Q2,114707.0,7019019.0,6,1995,summer,3716.0,3613.0,8.05,114707.0
1995-07-01,3426,16.09,1.91,1995Q3,114913.0,7019019.0,7,1995,summer,3616.0,3358.0,9.86,114707.0
1995-08-01,3477,13.0,5.0,1995Q3,114913.0,7019019.0,8,1995,summer,3426.0,3431.0,16.09,114913.0
1995-09-01,3745,7.63,10.37,1995Q3,114913.0,7019019.0,9,1995,autumn,3477.0,3696.0,13.0,114913.0
1995-10-01,3885,9.4,8.6,1995Q4,118343.0,7019019.0,10,1995,autumn,3745.0,3989.0,7.63,114913.0
1995-11-01,4352,0.68,17.32,1995Q4,118343.0,7019019.0,11,1995,autumn,3885.0,4124.0,9.4,118343.0
1995-12-01,4572,-2.32,20.32,1995Q4,118343.0,7019019.0,12,1995,winter,4352.0,4390.0,0.68,118343.0
1996-01-01,4744,-1.26,19.26,1996Q1,114552.0,7062354.0,1,1996,winter,4572.0,4822.0,-2.32,118343.0
1996-02-01,4579,-4.31,22.31,1996Q1,114552.0,7062354.0,2,1996,winter,4744.0,4065.0,-1.26,114552.0
1996-03-01,4428,-1.11,19.11,1996Q1,114552.0,7062354.0,3,1996,spring,4579.0,4473.0,-4.31,114552.0
1996-04-01,3791,4.62,13.38,1996Q2,115378.0,7062354.0,4,1996,spring,4428.0,3733.0,-1.11,114552.0
1996-05-01,3682,8.0,10.0,1996Q2,115378.0,7062354.0,5,1996,spring,3791.0,3716.0,4.62,115378.0
1996-06-01,3516,12.67,5.33,1996Q2,115378.0,7062354.0,6,1996,summer,3682.0,3616.0,8.0,115378.0
1996-07-01,3452,12.83,5.17,1996Q3,114728.0,7062354.0,7,1996,summer,3516.0,3426.0,12.67,115378.0
1996-08-01,3457,12.41,5.59,1996Q3,114728.0,7062354.0,8,1996,summer,3452.0,3477.0,12.83,114728.0
1996-09-01,3856,7.08,10.92,1996Q3,114728.0,7062354.0,9,1996,autumn,3457.0,3745.0,12.41,114728.0
1996-10-01,4085,5.83,12.17,1996Q4,118982.0,7062354.0,10,1996,autumn,3856.0,3885.0,7.08,114728.0
1996-11-01,4513,0.96,17.04,1996Q4,118982.0,7062354.0,11,1996,autumn,4085.0,4352.0,5.83,118982.0
1996-12-01,4589,-2.22,20.22,1996Q4,118982.0,7062354.0,12,1996,winter,4513.0,4572.0,0.96,118982.0
1997-01-01,4888,-2.26,20.26,1997Q1,114328.0,7081346.0,1,1997,winter,4589.0,4744.0,-2.22,118982.0
1997-02-01,4207,0.4,17.6,1997Q1,114328.0,7081346.0,2,1997,winter,4888.0,4579.0,-2.26,114328.0
1997-03-01,4202,3.08,14.92,1997Q1,114328.0,7081346.0,3,1997,spring,4207.0,4428.0,0.4,114328.0
1997-04-01,3908,3.09,14.91,1997Q2,117507.0,7081346.0,4,1997,spring,4202.0,3791.0,3.08,114328.0
1997-05-01,3700,8.8,9.2,1997Q2,117507.0,7081346.0,5,1997,spring,3908.0,3682.0,3.09,117507.0
1997-06-01,3593,11.14,6.859999999999999,1997Q2,117507.0,7081346.0,6,1997,summer,3700.0,3516.0,8.8,117507.0
1997-07-01,3521,12.23,5.77,1997Q3,118291.0,7081346.0,7,1997,summer,3593.0,3452.0,11.14,117507.0
1997-08-01,3535,14.98,3.02,1997Q3,118291.0,7081346.0,8,1997,summer,3521.0,3457.0,12.23,118291.0
1997-09-01,3755,11.99,6.01,1997Q3,118291.0,7081346.0,9,1997,autumn,3535.0,3856.0,14.98,118291.0
1997-10-01,4185,6.05,11.95,1997Q4,123240.0,7081346.0,10,1997,autumn,3755.0,4085.0,11.99,118291.0
1997-11-01,4458,1.76,16.24,1997Q4,123240.0,7081346.0,11,1997,autumn,4185.0,4513.0,6.05,123240.0
1997-12-01,4660,-1.05,19.05,1997Q4,123240.0,7081346.0,12,1997,winter,4458.0,4589.0,1.76,123240.0
1998-01-01,4775,-1.65,19.65,1998Q1,118884.0,7096465.0,1,1998,winter,4660.0,4888.0,-1.05,123240.0
1998-02-01,4280,1.01,16.99,1998Q1,118884.0,7096465.0,2,1998,winter,4775.0,4207.0,-1.65,118884.0
1998-03-01,4489,0.95,17.05,1998Q1,118884.0,7096465.0,3,1998,spring,4280.0,4202.0,1.01,118884.0
1998-04-01,3963,3.38,14.62,1998Q2,121781.0,7096465.0,4,1998,spring,4489.0,3908.0,0.95,118884.0
1998-05-01,3752,9.5,8.5,1998Q2,121781.0,7096465.0,5,1998,spring,3963.0,3700.0,3.38,121781.0
1998-06-01,3715,12.56,5.44,1998Q2,121781.0,7096465.0,6,1998,summer,3752.0,3593.0,9.5,121781.0
1998-07-01,3577,14.22,3.78,1998Q3,121023.0,7096465.0,7,1998,summer,3715.0,3521.0,12.56,121781.0
1998-08-01,3606,14.38,3.619999999999999,1998Q3,121023.0,7096465.0,8,1998,summer,3577.0,3535.0,14.22,121023.0
1998-09-01,3907,9.44,8.56,1998Q3,121023.0,7096465.0,9,1998,autumn,3606.0,3755.0,14.38,121023.0
1998-10-01,4146,5.63,12.37,1998Q4,124818.0,7096465.0,10,1998,autumn,3907.0,4185.0,9.44,121023.0
1998-11-01,4617,-1.85,19.85,1998Q4,124818.0,7096465.0,11,1998,autumn,4146.0,4458.0,5.63,124818.0
1998-12-01,4793,-2.05,20.05,1998Q4,124818.0,7096465.0,12,1998,winter,4617.0,4660.0,-1.85,124818.0
1999-01-01,4860,-1.46,19.46,1999Q1,120020.0,7123537.0,1,1999,winter,4793.0,4775.0,-2.05,124818.0
1999-02-01,4644,-4.18,22.18,1999Q1,120020.0,7123537.0,2,1999,winter,4860.0,4280.0,-1.46,120020.0
1999-03-01,4697,1.36,16.64,1999Q1,120020.0,7123537.0,3,1999,spring,4644.0,4489.0,-4.18,120020.0
1999-04-01,4111,3.7,14.3,1999Q2,122112.0,7123537.0,4,1999,spring,4697.0,3963.0,1.36,120020.0
1999-05-01,3852,10.37,7.630000000000001,1999Q2,122112.0,7123537.0,5,1999,spring,4111.0,3752.0,3.7,122112.0
1999-06-01,3732,10.79,7.210000000000001,1999Q2,122112.0,7123537.0,6,1999,summer,3852.0,3715.0,10.37,122112.0
1999-07-01,3627,14.32,3.68,1999Q3,122370.0,7123537.0,7,1999,summer,3732.0,3577.0,10.79,122112.0
1999-08-01,3721,13.76,4.24,1999Q3,122370.0,7123537.0,8,1999,summer,3627.0,3606.0,14.32,122370.0
1999-09-01,3984,12.23,5.77,1999Q3,122370.0,7123537.0,9,1999,autumn,3721.0,3907.0,13.76,122370.0
1999-10-01,4276,6.46,11.54,1999Q4,130179.0,7123537.0,10,1999,autumn,3984.0,4146.0,12.23,122370.0
1999-11-01,4760,-0.77,18.77,1999Q4,130179.0,7123537.0,11,1999,autumn,4276.0,4617.0,6.46,130179.0
1999-12-01,4949,-2.12,20.12,1999Q4,130179.0,7123537.0,12,1999,winter,4760.0,4793.0,-0.77,130179.0
2000-01-01,5128,-3.4,21.4,2000Q1,125448.0,7164444.0,1,2000,winter,4949.0,4860.0,-2.12,130179.0
2000-02-01,4668,-0.42,18.42,2000Q1,125448.0,7164444.0,2,2000,winter,5128.0,4644.0,-3.4,125448.0
2000-03-01,4737,1.3,16.7,2000Q1,125448.0,7164444.0,3,2000,spring,4668.0,4697.0,-0.42,125448.0
2000-04-01,4093,4.96,13.04,2000Q2,126727.0,7164444.0,4,2000,spring,4737.0,4111.0,1.3,125448.0
2000-05-01,4119,10.19,7.81,2000Q2,126727.0,7164444.0,5,2000,spring,4093.0,3852.0,4.96,126727.0
2000-06-01,3895,13.4,4.6,2000Q2,126727.0,7164444.0,6,2000,summer,4119.0,3732.0,10.19,126727.0
2000-07-01,3832,11.57,6.43,2000Q3,127041.0,7164444.0,7,2000,summer,3895.0,3627.0,13.4,126727.0
2000-08-01,3917,14.67,3.33,2000Q3,127041.0,7164444.0,8,2000,summer,3832.0,3721.0,11.57,127041.0
2000-09-01,4065,11.09,6.91,2000Q3,127041.0,7164444.0,9,2000,autumn,3917.0,3984.0,14.67,127041.0
2000-10-01,4439,6.56,11.44,2000Q4,133437.0,7164444.0,10,2000,autumn,4065.0,4276.0,11.09,127041.0
2000-11-01,4694,1.48,16.52,2000Q4,133437.0,7164444.0,11,2000,autumn,4439.0,4760.0,6.56,133437.0
2000-12-01,4786,0.46,17.54,2000Q4,133437.0,7164444.0,12,2000,winter,4694.0,4949.0,1.48,133437.0
2001-01-01,5165,-2.06,20.06,2001Q1,128207.0,7197638.0,1,2001,winter,4786.0,5128.0,0.46,133437.0
2001-02-01,4607,-1.02,19.02,2001Q1,128207.0,7197638.0,2,2001,winter,5165.0,4668.0,-2.06,128207.0
2001-03-01,4869,2.77,15.23,2001Q1,128207.0,7197638.0,3,2001,spring,4607.0,4737.0,-1.02,128207.0
2001-04-01,4359,2.23,15.77,2001Q2,129872.0,7197638.0,4,2001,spring,4869.0,4093.0,2.77,128207.0
2001-05-01,4181,10.54,7.460000000000001,2001Q2,129872.0,7197638.0,5,2001,spring,4359.0,4119.0,2.23,129872.0
2001-06-01,4001,10.78,7.220000000000001,2001Q2,129872.0,7197638.0,6,2001,summer,4181.0,3895.0,10.54,129872.0
2001-07-01,3966,14.12,3.880000000000001,2001Q3,129116.0,7197638.0,7,2001,summer,4001.0,3832.0,10.78,129872.0
2001-08-01,4003,14.99,3.01,2001Q3,129116.0,7197638.0,8,2001,summer,3966.0,3917.0,14.12,129116.0
2001-09-01,4195,7.16,10.84,2001Q3,129116.0,7197638.0,9,2001,autumn,4003.0,4065.0,14.99,129116.0
2001-10-01,4396,9.63,8.37,2001Q4,133621.0,7197638.0,10,2001,autumn,4195.0,4439.0,7.16,129116.0
2001-11-01,4881,0.13,17.87,2001Q4,133621.0,7197638.0,11,2001,autumn,4396.0,4694.0,9.63,133621.0
2001-12-01,5126,-3.81,21.81,2001Q4,133621.0,7197638.0,12,2001,winter,4881.0,4786.0,0.13,133621.0
2002-01-01,5403,-1.91,19.91,2002Q1,128472.0,7255653.0,1,2002,winter,5126.0,5165.0,-3.81,133621.0
2002-02-01,4602,0.95,17.05,2002Q1,128472.0,7255653.0,2,2002,winter,5403.0,4607.0,-1.91,128472.0
2002-03-01,4742,2.5,15.5,2002Q1,128472.0,7255653.0,3,2002,spring,4602.0,4869.0,0.95,128472.0
2002-04-01,4367,4.23,13.77,2002Q2,130721.0,7255653.0,4,2002,spring,4742.0,4359.0,2.5,128472.0
2002-05-01,4231,8.08,9.92,2002Q2,130721.0,7255653.0,5,2002,spring,4367.0,4181.0,4.23,130721.0
2002-06-01,4080,14.44,3.5600000000000005,2002Q2,130721.0,7255653.0,6,2002,summer,4231.0,4001.0,8.08,130721.0
2002-07-01,3997,13.63,4.369999999999999,2002Q3,130161.0,7255653.0,7,2002,summer,4080.0,3966.0,14.44,130721.0
2002-08-01,3996,13.03,4.970000000000001,2002Q3,130161.0,7255653.0,8,2002,summer,3997.0,4003.0,13.63,130161.0
2002-09-01,4220,8.84,9.16,2002Q3,130161.0,7255653.0,9,2002,autumn,3996.0,4195.0,13.03,130161.0
2002-10-01,4629,6.34,11.66,2002Q4,133443.0,7255653.0,10,2002,autumn,4220.0,4396.0,8.84,130161.0
2002-11-01,4774,2.65,15.35,2002Q4,133443.0,7255653.0,11,2002,autumn,4629.0,4881.0,6.34,133443.0
2002-12-01,4988,0.15,17.85,2002Q4,133443.0,7255653.0,12,2002,winter,4774.0,5126.0,2.65,133443.0
2003-01-01,5360,-3.79,21.79,2003Q1,127895.0,7313853.0,1,2003,winter,4988.0,5403.0,0.15,133443.0
2003-02-01,5003,-5.02,23.02,2003Q1,127895.0,7313853.0,2,2003,winter,5360.0,4602.0,-3.79,127895.0
2003-03-01,4860,2.8,15.2,2003Q1,127895.0,7313853.0,3,2003,spring,5003.0,4742.0,-5.02,127895.0
2003-04-01,4371,4.39,13.61,2003Q2,128828.0,7313853.0,4,2003,spring,4860.0,4367.0,2.8,127895.0
2003-05-01,4142,10.02,7.98,2003Q2,128828.0,7313853.0,5,2003,spring,4371.0,4231.0,4.39,128828.0
2003-06-01,4202,17.34,0.6600000000000001,2003Q2,128828.0,7313853.0,6,2003,summer,4142.0,4080.0,10.02,128828.0
2003-07-01,4101,15.4,2.6,2003Q3,129506.0,7313853.0,7,2003,summer,4202.0,3997.0,17.34,128828.0
2003-08-01,4108,17.89,0.1099999999999994,2003Q3,129506.0,7313853.0,8,2003,summer,4101.0,3996.0,15.4,129506.0
2003-09-01,4237,10.56,7.439999999999999,2003Q3,129506.0,7313853.0,9,2003,autumn,4108.0,4220.0,17.89,129506.0
2003-10-01,4736,3.48,14.52,2003Q4,135081.0,7313853.0,10,2003,autumn,4237.0,4629.0,10.56,129506.0
2003-11-01,4850,2.9,15.1,2003Q4,135081.0,7313853.0,11,2003,autumn,4736.0,4774.0,3.48,135081.0
2003-12-01,5152,-1.1,19.1,2003Q4,135081.0,7313853.0,12,2003,winter,4850.0,4988.0,2.9,135081.0
2004-01-01,5408,-2.99,20.99,2004Q1,131311.0,7364148.0,1,2004,winter,5152.0,5360.0,-1.1,135081.0
2004-02-01,4958,-1.66,19.66,2004Q1,131311.0,7364148.0,2,2004,winter,5408.0,5003.0,-2.99,131311.0
2004-03-01,5161,-0.04,18.04,2004Q1,131311.0,7364148.0,3,2004,spring,4958.0,4860.0,-1.66,131311.0
2004-04-01,4414,4.32,13.68,2004Q2,133301.0,7364148.0,4,2004,spring,5161.0,4371.0,-0.04,131311.0
2004-05-01,4316,7.23,10.77,2004Q2,133301.0,7364148.0,5,2004,spring,4414.0,4142.0,4.32,133301.0
2004-06-01,4232,12.0,6.0,2004Q2,133301.0,7364148.0,6,2004,summer,4316.0,4202.0,7.23,133301.0
2004-07-01,4113,13.58,4.42,2004Q3,132833.0,7364148.0,7,2004,summer,4232.0,4101.0,12.0,133301.0
2004-08-01,4178,14.04,3.960000000000001,2004Q3,132833.0,7364148.0,8,2004,summer,4113.0,4108.0,13.58,132833.0
2004-09-01,4322,11.17,6.83,2004Q3,132833.0,7364148.0,9,2004,autumn,4178.0,4237.0,14.04,132833.0
2004-10-01,4660,7.99,10.01,2004Q4,137352.0,7364148.0,10,2004,autumn,4322.0,4736.0,11.17,132833.0
2004-11-01,5020,0.85,17.15,2004Q4,137352.0,7364148.0,11,2004,autumn,4660.0,4850.0,7.99,137352.0
2004-12-01,5389,-1.68,19.68,2004Q4,137352.0,7364148.0,12,2004,winter,5020.0,5152.0,0.85,137352.0
2005-01-01,5538,-3.44,21.44,2005Q1,133528.0,7415102.0,1,2005,winter,5389.0,5408.0,-1.68,137352.0
2005-02-01,5141,-5.88,23.88,2005Q1,133528.0,7415102.0,2,2005,winter,5538.0,4958.0,-3.44,133528.0
2005-03-01,5130,0.67,17.33,2005Q1,133528.0,7415102.0,3,2005,spring,5141.0,5161.0,-5.88,133528.0
2005-04-01,4568,4.44,13.56,2005Q2,136974.0,7415102.0,4,2005,spring,5130.0,4414.0,0.67,133528.0
2005-05-01,4350,9.14,8.86,2005Q2,136974.0,7415102.0,5,2005,spring,4568.0,4316.0,4.44,136974.0
2005-06-01,4337,13.75,4.25,2005Q2,136974.0,7415102.0,6,2005,summer,4350.0,4232.0,9.14,136974.0
2005-07-01,4220,13.95,4.050000000000001,2005Q3,137404.0,7415102.0,7,2005,summer,4337.0,4113.0,13.75,136974.0
2005-08-01,4232,11.97,6.029999999999999,2005Q3,137404.0,7415102.0,8,2005,summer,4220.0,4178.0,13.95,137404.0
2005-09-01,4430,11.27,6.73,2005Q3,137404.0,7415102.0,9,2005,autumn,4232.0,4322.0,11.97,137404.0
2005-10-01,4706,7.92,10.08,2005Q4,142679.0,7415102.0,10,2005,autumn,4430.0,4660.0,11.27,137404.0
2005-11-01,5084,0.4,17.6,2005Q4,142679.0,7415102.0,11,2005,autumn,4706.0,5020.0,7.92,142679.0
2005-12-01,5594,-4.3,22.3,2005Q4,142679.0,7415102.0,12,2005,winter,5084.0,5389.0,0.4,142679.0
2006-01-01,5760,-4.43,22.43,2006Q1,139844.0,7459128.0,1,2006,winter,5594.0,5538.0,-4.3,142679.0
2006-02-01,5146,-3.38,21.38,2006Q1,139844.0,7459128.0,2,2006,winter,5760.0,5141.0,-4.43,139844.0
2006-03-01,5499,-1.09,19.09,2006Q1,139844.0,7459128.0,3,2006,spring,5146.0,5130.0,-3.38,139844.0
2006-04-01,4531,4.17,13.83,2006Q2,142138.0,7459128.0,4,2006,spring,5499.0,4568.0,-1.09,139844.0
2006-05-01,4450,8.57,9.43,2006Q2,142138.0,7459128.0,5,2006,spring,4531.0,4350.0,4.17,142138.0
2006-06-01,4342,13.27,4.73,2006Q2,142138.0,7459128.0,6,2006,summer,4450.0,4337.0,8.57,142138.0
2006-07-01,4283,17.69,0.3099999999999987,2006Q3,142821.0,7459128.0,7,2006,summer,4342.0,4220.0,13.27,142138.0
2006-08-01,4257,10.45,7.550000000000001,2006Q3,142821.0,7459128.0,8,2006,summer,4283.0,4232.0,17.69,142821.0
2006-09-01,4457,13.14,4.859999999999999,2006Q3,142821.0,7459128.0,9,2006,autumn,4257.0,4430.0,10.45,142821.0
2006-10-01,4687,9.27,8.73,2006Q4,148545.0,7459128.0,10,2006,autumn,4457.0,4706.0,13.14,142821.0
2006-11-01,5028,3.71,14.29,2006Q4,148545.0,7459128.0,11,2006,autumn,4687.0,5084.0,9.27,148545.0
2006-12-01,5342,0.02,17.98,2006Q4,148545.0,7459128.0,12,2006,winter,5028.0,5594.0,3.71,148545.0
2007-01-01,5409,0.38,17.62,2007Q1,144833.0,7508739.0,1,2007,winter,5342.0,5760.0,0.02,148545.0
2007-02-01,4868,0.96,17.04,2007Q1,144833.0,7508739.0,2,2007,winter,5409.0,5146.0,0.38,144833.0
2007-03-01,5180,1.31,16.69,2007Q1,144833.0,7508739.0,3,2007,spring,4868.0,5499.0,0.96,144833.0
2007-04-01,4345,8.95,9.05,2007Q2,148391.0,7508739.0,4,2007,spring,5180.0,4531.0,1.31,144833.0
2007-05-01,4445,9.7,8.3,2007Q2,148391.0,7508739.0,5,2007,spring,4345.0,4450.0,8.95,148391.0
2007-06-01,4368,12.65,5.35,2007Q2,148391.0,7508739.0,6,2007,summer,4445.0,4342.0,9.7,148391.0
2007-07-01,4287,13.41,4.59,2007Q3,149193.0,7508739.0,7,2007,summer,4368.0,4283.0,12.65,148391.0
2007-08-01,4342,12.88,5.119999999999999,2007Q3,149193.0,7508739.0,8,2007,summer,4287.0,4257.0,13.41,149193.0
2007-09-01,4466,8.91,9.09,2007Q3,149193.0,7508739.0,9,2007,autumn,4342.0,4457.0,12.88,149193.0
2007-10-01,4884,5.97,12.03,2007Q4,153768.0,7508739.0,10,2007,autumn,4466.0,4687.0,8.91,149193.0
2007-11-01,5325,-0.09,18.09,2007Q4,153768.0,7508739.0,11,2007,autumn,4884.0,5028.0,5.97,153768.0
2007-12-01,5513,-2.29,20.29,2007Q4,153768.0,7508739.0,12,2007,winter,5325.0,5342.0,-0.09,153768.0
2008-01-01,5604,-0.19,18.19,2008Q1,149448.0,7593494.0,1,2008,winter,5513.0,5409.0,-2.29,153768.0
2008-02-01,5141,0.3,17.7,2008Q1,149448.0,7593494.0,2,2008,winter,5604.0,4868.0,-0.19,149448.0
2008-03-01,5227,-0.11,18.11,2008Q1,149448.0,7593494.0,3,2008,spring,5141.0,5180.0,0.3,149448.0
2008-04-01,4866,3.17,14.83,2008Q2,153678.0,7593494.0,4,2008,spring,5227.0,4345.0,-0.11,149448.0
2008-05-01,4507,10.09,7.91,2008Q2,153678.0,7593494.0,5,2008,spring,4866.0,4445.0,3.17,153678.0
2008-06-01,4455,12.84,5.16,2008Q2,153678.0,7593494.0,6,2008,summer,4507.0,4368.0,10.09,153678.0
2008-07-01,4360,13.74,4.26,2008Q3,154055.0,7593494.0,7,2008,summer,4455.0,4287.0,12.84,153678.0
2008-08-01,4351,13.71,4.289999999999999,2008Q3,154055.0,7593494.0,8,2008,summer,4360.0,4342.0,13.74,154055.0
2008-09-01,4604,8.8,9.2,2008Q3,154055.0,7593494.0,9,2008,autumn,4351.0,4466.0,13.71,154055.0
2008-10-01,4908,6.59,11.41,2008Q4,154097.0,7593494.0,10,2008,autumn,4604.0,4884.0,8.8,154055.0
2008-11-01,5176,0.94,17.06,2008Q4,154097.0,7593494.0,11,2008,autumn,4908.0,5325.0,6.59,154097.0
2008-12-01,5530,-2.52,20.52,2008Q4,154097.0,7593494.0,12,2008,winter,5176.0,5513.0,0.94,154097.0
2009-01-01,5856,-4.45,22.45,2009Q1,146342.0,7701856.0,1,2009,winter,5530.0,5604.0,-2.52,154097.0
2009-02-01,5131,-3.43,21.43,2009Q1,146342.0,7701856.0,2,2009,winter,5856.0,5141.0,-4.45,146342.0
2009-03-01,5232,0.01,17.99,2009Q1,146342.0,7701856.0,3,2009,spring,5131.0,5227.0,-3.43,146342.0
2009-04-01,4321,6.3,11.7,2009Q2,148585.0,7701856.0,4,2009,spring,5232.0,4866.0,0.01,146342.0
2009-05-01,4304,10.82,7.18,2009Q2,148585.0,7701856.0,5,2009,spring,4321.0,4507.0,6.3,148585.0
2009-06-01,4250,11.99,6.01,2009Q2,148585.0,7701856.0,6,2009,summer,4304.0,4455.0,10.82,148585.0
2009-07-01,4260,14.38,3.619999999999999,2009Q3,150111.0,7701856.0,7,2009,summer,4250.0,4360.0,11.99,148585.0
2009-08-01,4290,15.72,2.28,2009Q3,150111.0,7701856.0,8,2009,summer,4260.0,4351.0,14.38,150111.0
2009-09-01,4428,11.72,6.279999999999999,2009Q3,150111.0,7701856.0,9,2009,autumn,4290.0,4604.0,15.72,150111.0
2009-10-01,4824,6.06,11.94,2009Q4,154412.0,7701856.0,10,2009,autumn,4428.0,4908.0,11.72,150111.0
2009-11-01,5062,3.38,14.62,2009Q4,154412.0,7701856.0,11,2009,autumn,4824.0,5176.0,6.06,154412.0
2009-12-01,5536,-2.89,20.89,2009Q4,154412.0,7701856.0,12,2009,winter,5062.0,5530.0,3.38,154412.0
2010-01-01,5850,-5.17,23.17,2010Q1,150935.0,7785806.0,1,2010,winter,5536.0,5856.0,-2.89,154412.0
2010-02-01,5229,-3.34,21.34,2010Q1,150935.0,7785806.0,2,2010,winter,5850.0,5131.0,-5.17,150935.0
2010-03-01,5462,-0.12,18.12,2010Q1,150935.0,7785806.0,3,2010,spring,5229.0,5232.0,-3.34,150935.0
2010-04-01,4615,5.11,12.89,2010Q2,154065.0,7785806.0,4,2010,spring,5462.0,4321.0,-0.12,150935.0
2010-05-01,4592,7.07,10.93,2010Q2,154065.0,7785806.0,5,2010,spring,4615.0,4304.0,5.11,154065.0
2010-06-01,4463,12.33,5.67,2010Q2,154065.0,7785806.0,6,2010,summer,4592.0,4250.0,7.07,154065.0
2010-07-01,4409,15.84,2.16,2010Q3,154561.0,7785806.0,7,2010,summer,4463.0,4260.0,12.33,154065.0
2010-08-01,4423,12.88,5.119999999999999,2010Q3,154561.0,7785806.0,8,2010,summer,4409.0,4290.0,15.84,154561.0
2010-09-01,4561,9.32,8.68,2010Q3,154561.0,7785806.0,9,2010,autumn,4423.0,4428.0,12.88,154561.0
2010-10-01,5007,5.49,12.51,2010Q4,159435.0,7785806.0,10,2010,autumn,4561.0,4824.0,9.32,154561.0
2010-11-01,5300,1.03,16.97,2010Q4,159435.0,7785806.0,11,2010,autumn,5007.0,5062.0,5.49,159435.0
2010-12-01,5874,-4.29,22.29,2010Q4,159435.0,7785806.0,12,2010,winter,5300.0,5536.0,1.03,159435.0
2011-01-01,5821,-2.44,20.44,2011Q1,154402.0,7870134.0,1,2011,winter,5874.0,5850.0,-4.29,159435.0
2011-02-01,5213,-0.53,18.53,2011Q1,154402.0,7870134.0,2,2011,winter,5821.0,5229.0,-2.44,154402.0
2011-03-01,5413,2.31,15.69,2011Q1,154402.0,7870134.0,3,2011,spring,5213.0,5462.0,-0.53,154402.0
2011-04-01,4463,7.6,10.4,2011Q2,157244.0,7870134.0,4,2011,spring,5413.0,4615.0,2.31,154402.0
2011-05-01,4587,10.58,7.42,2011Q2,157244.0,7870134.0,5,2011,spring,4463.0,4592.0,7.6,157244.0
2011-06-01,4342,12.31,5.69,2011Q2,157244.0,7870134.0,6,2011,summer,4587.0,4463.0,10.58,157244.0
2011-07-01,4294,12.05,5.949999999999999,2011Q3,155909.0,7870134.0,7,2011,summer,4342.0,4409.0,12.31,157244.0
2011-08-01,4374,15.18,2.8200000000000003,2011Q3,155909.0,7870134.0,8,2011,summer,4294.0,4423.0,12.05,155909.0
2011-09-01,4470,12.63,5.369999999999999,2011Q3,155909.0,7870134.0,9,2011,autumn,4374.0,4561.0,15.18,155909.0
2011-10-01,4847,6.52,11.48,2011Q4,160154.0,7870134.0,10,2011,autumn,4470.0,5007.0,12.63,155909.0
2011-11-01,5242,3.69,14.31,2011Q4,160154.0,7870134.0,11,2011,autumn,4847.0,5300.0,6.52,160154.0
2011-12-01,5533,-0.52,18.52,2011Q4,160154.0,7870134.0,12,2011,winter,5242.0,5874.0,3.69,160154.0
2012-01-01,5740,-1.81,19.81,2012Q1,155731.0,7954662.0,1,2012,winter,5533.0,5821.0,-0.52,160154.0
2012-02-01,5812,-6.48,24.48,2012Q1,155731.0,7954662.0,2,2012,winter,5740.0,5213.0,-1.81,155731.0
2012-03-01,5207,3.73,14.27,2012Q1,155731.0,7954662.0,3,2012,spring,5812.0,5413.0,-6.48,155731.0
2012-04-01,4651,4.08,13.92,2012Q2,157909.0,7954662.0,4,2012,spring,5207.0,4463.0,3.73,155731.0
2012-05-01,4449,9.42,8.58,2012Q2,157909.0,7954662.0,5,2012,spring,4651.0,4587.0,4.08,157909.0
2012-06-01,4346,13.29,4.710000000000001,2012Q2,157909.0,7954662.0,6,2012,summer,4449.0,4342.0,9.42,157909.0
2012-07-01,4286,13.97,4.029999999999999,2012Q3,158411.0,7954662.0,7,2012,summer,4346.0,4294.0,13.29,157909.0
2012-08-01,4361,15.54,2.460000000000001,2012Q3,158411.0,7954662.0,8,2012,summer,4286.0,4374.0,13.97,158411.0
2012-09-01,4412,10.67,7.33,2012Q3,158411.0,7954662.0,9,2012,autumn,4361.0,4470.0,15.54,158411.0
2012-10-01,4910,6.84,11.16,2012Q4,162716.0,7954662.0,10,2012,autumn,4412.0,4847.0,10.67,158411.0
2012-11-01,5205,2.73,15.27,2012Q4,162716.0,7954662.0,11,2012,autumn,4910.0,5242.0,6.84,162716.0
2012-12-01,5594,-2.18,20.18,2012Q4,162716.0,7954662.0,12,2012,winter,5205.0,5533.0,2.73,162716.0
2013-01-01,5792,-2.67,20.67,2013Q1,157493.0,8039060.0,1,2013,winter,5594.0,5740.0,-2.18,162716.0
2013-02-01,5428,-5.34,23.34,2013Q1,157493.0,8039060.0,2,2013,winter,5792.0,5812.0,-2.67,157493.0
2013-03-01,5513,-0.76,18.76,2013Q1,157493.0,8039060.0,3,2013,spring,5428.0,5207.0,-5.34,157493.0
2013-04-01,4777,4.87,13.13,2013Q2,161220.0,8039060.0,4,2013,spring,5513.0,4651.0,-0.76,157493.0
2013-05-01,4573,6.24,11.76,2013Q2,161220.0,8039060.0,5,2013,spring,4777.0,4449.0,4.87,161220.0
2013-06-01,4394,11.49,6.51,2013Q2,161220.0,8039060.0,6,2013,summer,4573.0,4346.0,6.24,161220.0
2013-07-01,4342,15.98,2.02,2013Q3,161655.0,8039060.0,7,2013,summer,4394.0,4286.0,11.49,161220.0
2013-08-01,4317,14.41,3.59,2013Q3,161655.0,8039060.0,8,2013,summer,4342.0,4361.0,15.98,161655.0
2013-09-01,4425,10.98,7.02,2013Q3,161655.0,8039060.0,9,2013,autumn,4317.0,4412.0,14.41,161655.0
2013-10-01,4841,7.95,10.05,2013Q4,166054.0,8039060.0,10,2013,autumn,4425.0,4910.0,10.98,161655.0
2013-11-01,5299,0.5,17.5,2013Q4,166054.0,8039060.0,11,2013,autumn,4841.0,5205.0,7.95,166054.0
2013-12-01,5622,-0.44,18.44,2013Q4,166054.0,8039060.0,12,2013,winter,5299.0,5594.0,0.5,166054.0
2014-01-01,5659,-0.64,18.64,2014Q1,161418.0,8139631.0,1,2014,winter,5622.0,5792.0,-0.44,166054.0
2014-02-01,5091,-0.43,18.43,2014Q1,161418.0,8139631.0,2,2014,winter,5659.0,5428.0,-0.64,161418.0
2014-03-01,5199,2.81,15.19,2014Q1,161418.0,8139631.0,3,2014,spring,5091.0,5513.0,-0.43,161418.0
2014-04-01,4476,6.13,11.87,2014Q2,164974.0,8139631.0,4,2014,spring,5199.0,4777.0,2.81,161418.0
2014-05-01,4518,7.73,10.27,2014Q2,164974.0,8139631.0,5,2014,spring,4476.0,4573.0,6.13,164974.0
2014-06-01,4240,13.16,4.84,2014Q2,164974.0,8139631.0,6,2014,summer,4518.0,4394.0,7.73,164974.0
2014-07-01,4299,13.33,4.67,2014Q3,165469.0,8139631.0,7,2014,summer,4240.0,4342.0,13.16,164974.0
2014-08-01,4239,12.1,5.9,2014Q3,165469.0,8139631.0,8,2014,summer,4299.0,4317.0,13.33,165469.0
2014-09-01,4443,11.2,6.800000000000001,2014Q3,165469.0,8139631.0,9,2014,autumn,4239.0,4425.0,12.1,165469.0
2014-10-01,4797,8.78,9.22,2014Q4,171001.0,8139631.0,10,2014,autumn,4443.0,4841.0,11.2,165469.0
2014-11-01,5029,4.33,13.67,2014Q4,171001.0,8139631.0,11,2014,autumn,4797.0,5299.0,8.78,171001.0
2014-12-01,5476,-0.36,18.36,2014Q4,171001.0,8139631.0,12,2014,winter,5029.0,5622.0,4.33,171001.0
2015-01-01,5800,-1.66,19.66,2015Q1,164411.0,8237666.0,1,2015,winter,5476.0,5659.0,-0.36,171001.0
2015-02-01,5397,-3.21,21.21,2015Q1,164411.0,8237666.0,2,2015,winter,5800.0,5091.0,-1.66,164411.0
2015-03-01,5287,2.04,15.96,2015Q1,164411.0,8237666.0,3,2015,spring,5397.0,5199.0,-3.21,164411.0
2015-04-01,4570,5.34,12.66,2015Q2,167025.0,8237666.0,4,2015,spring,5287.0,4476.0,2.04,164411.0
2015-05-01,4410,9.29,8.71,2015Q2,167025.0,8237666.0,5,2015,spring,4570.0,4518.0,5.34,167025.0
2015-06-01,4308,13.6,4.4,2015Q2,167025.0,8237666.0,6,2015,summer,4410.0,4240.0,9.29,167025.0
2015-07-01,4338,17.75,0.25,2015Q3,167635.0,8237666.0,7,2015,summer,4308.0,4299.0,13.6,167025.0
2015-08-01,4299,15.57,2.43,2015Q3,167635.0,8237666.0,8,2015,summer,4338.0,4239.0,17.75,167635.0
2015-09-01,4487,9.07,8.93,2015Q3,167635.0,8237666.0,9,2015,autumn,4299.0,4443.0,15.57,167635.0
2015-10-01,4898,5.88,12.12,2015Q4,173432.0,8237666.0,10,2015,autumn,4487.0,4797.0,9.07,167635.0
2015-11-01,5069,4.16,13.84,2015Q4,173432.0,8237666.0,11,2015,autumn,4898.0,5029.0,5.88,173432.0
2015-12-01,5383,2.24,15.76,2015Q4,173432.0,8237666.0,12,2015,winter,5069.0,5476.0,4.16,173432.0
2016-01-01,5655,-1.11,19.11,2016Q1,168064.0,8327126.0,1,2016,winter,5383.0,5800.0,2.24,173432.0
2016-02-01,5278,-0.18,18.18,2016Q1,168064.0,8327126.0,2,2016,winter,5655.0,5397.0,-1.11,168064.0
2016-03-01,5356,0.16,17.84,2016Q1,168064.0,8327126.0,3,2016,spring,5278.0,5287.0,-0.18,168064.0
2016-04-01,4643,4.59,13.41,2016Q2,171553.0,8327126.0,4,2016,spring,5356.0,4570.0,0.16,168064.0
2016-05-01,4472,7.9,10.1,2016Q2,171553.0,8327126.0,5,2016,spring,4643.0,4410.0,4.59,171553.0
2016-06-01,4304,11.99,6.01,2016Q2,171553.0,8327126.0,6,2016,summer,4472.0,4308.0,7.9,171553.0
2016-07-01,4195,15.09,2.91,2016Q3,170900.0,8327126.0,7,2016,summer,4304.0,4338.0,11.99,171553.0
2016-08-01,4230,14.8,3.2,2016Q3,170900.0,8327126.0,8,2016,summer,4195.0,4299.0,15.09,170900.0
2016-09-01,4330,12.55,5.449999999999999,2016Q3,170900.0,8327126.0,9,2016,autumn,4230.0,4487.0,14.8,170900.0
2016-10-01,4874,5.38,12.62,2016Q4,174842.0,8327126.0,10,2016,autumn,4330.0,4898.0,12.55,170900.0
2016-11-01,5261,1.81,16.19,2016Q4,174842.0,8327126.0,11,2016,autumn,4874.0,5069.0,5.38,174842.0
2016-12-01,5641,-0.13,18.13,2016Q4,174842.0,8327126.0,12,2016,winter,5261.0,5383.0,1.81,174842.0
2017-01-01,6147,-5.16,23.16,2017Q1,169866.0,8419550.0,1,2017,winter,5641.0,5655.0,-0.13,174842.0
2017-02-01,5088,0.47,17.53,2017Q1,169866.0,8419550.0,2,2017,winter,6147.0,5278.0,-5.16,169866.0
2017-03-01,5147,4.13,13.87,2017Q1,169866.0,8419550.0,3,2017,spring,5088.0,5356.0,0.47,169866.0
2017-04-01,4466,4.43,13.57,2017Q2,172696.0,8419550.0,4,2017,spring,5147.0,4643.0,4.13,169866.0
2017-05-01,4508,9.83,8.17,2017Q2,172696.0,8419550.0,5,2017,spring,4466.0,4472.0,4.43,172696.0
2017-06-01,4299,15.2,2.8000000000000007,2017Q2,172696.0,8419550.0,6,2017,summer,4508.0,4304.0,9.83,172696.0
2017-07-01,4233,15.04,2.960000000000001,2017Q3,173216.0,8419550.0,7,2017,summer,4299.0,4195.0,15.2,172696.0
2017-08-01,4344,15.46,2.539999999999999,2017Q3,173216.0,8419550.0,8,2017,summer,4233.0,4230.0,15.04,173216.0
2017-09-01,4460,8.66,9.34,2017Q3,173216.0,8419550.0,9,2017,autumn,4344.0,4330.0,15.46,173216.0
2017-10-01,4742,7.78,10.22,2017Q4,179316.0,8419550.0,10,2017,autumn,4460.0,4874.0,8.66,173216.0
2017-11-01,5340,0.87,17.13,2017Q4,179316.0,8419550.0,11,2017,autumn,4742.0,5261.0,7.78,179316.0
2017-12-01,5709,-2.46,20.46,2017Q4,179316.0,8419550.0,12,2017,winter,5340.0,5641.0,0.87,179316.0
2018-01-01,5539,0.47,17.53,2018Q1,175979.0,8484130.0,1,2018,winter,5709.0,6147.0,-2.46,179316.0
2018-02-01,5342,-5.21,23.21,2018Q1,175979.0,8484130.0,2,2018,winter,5539.0,5088.0,0.47,175979.0
2018-03-01,5477,-0.18,18.18,2018Q1,175979.0,8484130.0,3,2018,spring,5342.0,5147.0,-5.21,175979.0
2018-04-01,4363,7.82,10.18,2018Q2,180373.0,8484130.0,4,2018,spring,5477.0,4466.0,-0.18,175979.0
2018-05-01,4400,10.46,7.539999999999999,2018Q2,180373.0,8484130.0,5,2018,spring,4363.0,4508.0,7.82,180373.0
2018-06-01,4325,13.82,4.18,2018Q2,180373.0,8484130.0,6,2018,summer,4400.0,4299.0,10.46,180373.0
2018-07-01,4246,16.23,1.7699999999999996,2018Q3,178319.0,8484130.0,7,2018,summer,4325.0,4233.0,13.82,180373.0
2018-08-01,4231,15.89,2.1099999999999994,2018Q3,178319.0,8484130.0,8,2018,summer,4246.0,4344.0,16.23,178319.0
2018-09-01,4295,12.58,5.42,2018Q3,178319.0,8484130.0,9,2018,autumn,4231.0,4460.0,15.89,178319.0
2018-10-01,4785,8.04,9.96,2018Q4,183551.0,8484130.0,10,2018,autumn,4295.0,4742.0,12.58,178319.0
2018-11-01,5175,2.78,15.22,2018Q4,183551.0,8484130.0,11,2018,autumn,4785.0,5340.0,8.04,183551.0
2018-12-01,5469,-0.13,18.13,2018Q4,183551.0,8484130.0,12,2018,winter,5175.0,5709.0,2.78,183551.0
2019-01-01,5838,-4.38,22.38,2019Q1,178054.0,8544527.0,1,2019,winter,5469.0,5539.0,-0.13,183551.0
2019-02-01,5086,0.74,17.26,2019Q1,178054.0,8544527.0,2,2019,winter,5838.0,5342.0,-4.38,178054.0
2019-03-01,5176,2.29,15.71,2019Q1,178054.0,8544527.0,3,2019,spring,5086.0,5477.0,0.74,178054.0
2019-04-01,4533,4.5,13.5,2019Q2,181115.0,8544527.0,4,2019,spring,5176.0,4363.0,2.29,178054.0
2019-05-01,4611,6.12,11.88,2019Q2,181115.0,8544527.0,5,2019,spring,4533.0,4400.0,4.5,181115.0
2019-06-01,4200,15.28,2.7200000000000006,2019Q2,181115.0,8544527.0,6,2019,summer,4611.0,4325.0,6.12,181115.0
2019-07-01,4195,16.22,1.7800000000000011,2019Q3,181080.0,8544527.0,7,2019,summer,4200.0,4246.0,15.28,181115.0
2019-08-01,4125,15.12,2.880000000000001,2019Q3,181080.0,8544527.0,8,2019,summer,4195.0,4231.0,16.22,181080.0
2019-09-01,4282,11.4,6.6,2019Q3,181080.0,8544527.0,9,2019,autumn,4125.0,4295.0,15.12,181080.0
2019-10-01,4718,8.46,9.54,2019Q4,185983.0,8544527.0,10,2019,autumn,4282.0,4785.0,11.4,181080.0
2019-11-01,5118,1.51,16.49,2019Q4,185983.0,8544527.0,11,2019,autumn,4718.0,5175.0,8.46,185983.0
2019-12-01,5316,0.77,17.23,2019Q4,185983.0,8544527.0,12,2019,winter,5118.0,5469.0,1.51,185983.0
2020-01-01,5503,-0.28,18.28,2020Q1,178061.0,8606033.0,1,2020,winter,5316.0,5838.0,0.77,185983.0
2020-02-01,4959,1.64,16.36,2020Q1,178061.0,8606033.0,2,2020,winter,5503.0,5086.0,-0.28,178061.0
2020-03-01,4956,1.57,16.43,2020Q1,178061.0,8606033.0,3,2020,spring,4959.0,5176.0,1.64,178061.0
2020-04-01,4083,7.65,10.35,2020Q2,168511.0,8606033.0,4,2020,spring,4956.0,4533.0,1.57,178061.0
2020-05-01,4251,9.57,8.43,2020Q2,168511.0,8606033.0,5,2020,spring,4083.0,4611.0,7.65,168511.0
2020-06-01,4192,11.85,6.15,2020Q2,168511.0,8606033.0,6,2020,summer,4251.0,4200.0,9.57,168511.0
2020-07-01,4209,15.42,2.58,2020Q3,178526.0,8606033.0,7,2020,summer,4192.0,4195.0,11.85,168511.0
2020-08-01,4213,15.22,2.78,2020Q3,178526.0,8606033.0,8,2020,summer,4209.0,4125.0,15.42,178526.0
2020-09-01,4306,11.9,6.1,2020Q3,178526.0,8606033.0,9,2020,autumn,4213.0,4282.0,15.22,178526.0
2020-10-01,4832,5.38,12.62,2020Q4,184757.0,8606033.0,10,2020,autumn,4306.0,4718.0,11.9,178526.0
2020-11-01,5065,3.69,14.31,2020Q4,184757.0,8606033.0,11,2020,autumn,4832.0,5118.0,5.38,184757.0
2020-12-01,5528,-1.2,19.2,2020Q4,184757.0,8606033.0,12,2020,winter,5065.0,5316.0,3.69,184757.0
2021-01-01,5748,-3.56,21.56,2021Q1,179877.0,8670300.0,1,2021,winter,5528.0,5503.0,-1.2,184757.0
2021-02-01,4958,0.84,17.16,2021Q1,179877.0,8670300.0,2,2021,winter,5748.0,4959.0,-3.56,179877.0
2021-03-01,5275,0.95,17.05,2021Q1,179877.0,8670300.0,3,2021,spring,4958.0,4956.0,0.84,179877.0
2021-04-01,4680,2.9,15.1,2021Q2,187228.0,8670300.0,4,2021,spring,5275.0,4083.0,0.95,179877.0
2021-05-01,4595,6.25,11.75,2021Q2,187228.0,8670300.0,5,2021,spring,4680.0,4251.0,2.9,187228.0
2021-06-01,4365,14.39,3.61,2021Q2,187228.0,8670300.0,6,2021,summer,4595.0,4192.0,6.25,187228.0
2021-07-01,4436,13.91,4.09,2021Q3,190470.0,8670300.0,7,2021,summer,4365.0,4209.0,14.39,187228.0
2021-08-01,4307,13.12,4.880000000000001,2021Q3,190470.0,8670300.0,8,2021,summer,4436.0,4213.0,13.91,190470.0
2021-09-01,4422,12.15,5.85,2021Q3,190470.0,8670300.0,9,2021,autumn,4307.0,4306.0,13.12,190470.0
2021-10-01,4879,6.28,11.72,2021Q4,196122.0,8670300.0,10,2021,autumn,4422.0,4832.0,12.15,190470.0
2021-11-01,5415,1.13,16.87,2021Q4,196122.0,8670300.0,11,2021,autumn,4879.0,5065.0,6.28,196122.0
2021-12-01,5723,-0.65,18.65,2021Q4,196122.0,8670300.0,12,2021,winter,5415.0,5528.0,1.13,196122.0
2022-01-01,5799,-1.48,19.48,2022Q1,191242.0,8738791.0,1,2022,winter,5723.0,5748.0,-0.65,196122.0
2022-02-01,5143,-0.13,18.13,2022Q1,191242.0,8738791.0,2,2022,winter,5799.0,4958.0,-1.48,191242.0
2022-03-01,5334,2.38,15.62,2022Q1,191242.0,8738791.0,3,2022,spring,5143.0,5275.0,-0.13,191242.0
2022-04-01,4690,4.63,13.37,2022Q2,194727.0,8738791.0,4,2022,spring,5334.0,4680.0,2.38,191242.0
2022-05-01,4550,11.51,6.49,2022Q2,194727.0,8738791.0,5,2022,spring,4690.0,4595.0,4.63,194727.0
2022-06-01,4450,15.37,2.630000000000001,2022Q2,194727.0,8738791.0,6,2022,summer,4550.0,4365.0,11.51,194727.0
2022-07-01,4432,16.97,1.0300000000000011,2022Q3,194856.0,8738791.0,7,2022,summer,4450.0,4436.0,15.37,194727.0
2022-08-01,4381,16.15,1.8500000000000008,2022Q3,194856.0,8738791.0,8,2022,summer,4432.0,4307.0,16.97,194856.0
2022-09-01,4417,10.09,7.91,2022Q3,194856.0,8738791.0,9,2022,autumn,4381.0,4422.0,16.15,194856.0
2022-10-01,4471,10.45,7.550000000000001,2022Q4,199511.0,8738791.0,10,2022,autumn,4417.0,4879.0,10.09,194856.0
2022-11-01,4894,3.33,14.67,2022Q4,199511.0,8738791.0,11,2022,autumn,4471.0,5415.0,10.45,199511.0
2022-12-01,5415,-0.28,18.28,2022Q4,199511.0,8738791.0,12,2022,winter,4894.0,5723.0,3.33,199511.0
2023-01-01,5523,-1.61,19.61,2023Q1,194702.0,8815385.0,1,2023,winter,5415.0,5799.0,-0.28,199511.0
2023-02-01,4951,0.08,17.92,2023Q1,194702.0,8815385.0,2,2023,winter,5523.0,5143.0,-1.61,194702.0
2023-03-01,5150,2.66,15.34,2023Q1,194702.0,8815385.0,3,2023,spring,4951.0,5334.0,0.08,194702.0
2023-04-01,4563,3.71,14.29,2023Q2,195827.0,8815385.0,4,2023,spring,5150.0,4690.0,2.66,194702.0
2023-05-01,4381,9.36,8.64,2023Q2,195827.0,8815385.0,5,2023,spring,4563.0,4550.0,3.71,195827.0
2023-06-01,4343,14.94,3.0600000000000005,2023Q2,195827.0,8815385.0,6,2023,summer,4381.0,4450.0,9.36,195827.0
2023-07-01,4228,15.98,2.02,2023Q3,195486.0,8815385.0,7,2023,summer,4343.0,4432.0,14.94,195827.0
2023-08-01,4344,15.58,2.42,2023Q3,195486.0,8815385.0,8,2023,summer,4228.0,4381.0,15.98,195486.0
2023-09-01,4292,14.3,3.6999999999999993,2023Q3,195486.0,8815385.0,9,2023,autumn,4344.0,4417.0,15.58,195486.0
2023-10-01,4561,9.71,8.29,2023Q4,200762.0,8815385.0,10,2023,autumn,4292.0,4471.0,14.3,195486.0
2023-11-01,5076,1.59,16.41,2023Q4,200762.0,8815385.0,11,2023,autumn,4561.0,4894.0,9.71,200762.0
2023-12-01,5298,0.65,17.35,2023Q4,200762.0,8815385.0,12,2023,winter,5076.0,5415.0,1.59,200762.0
2024-01-01,5608,-0.64,18.64,2024Q1,195069.0,8962258.0,1,2024,winter,5298.0,5523.0,0.65,200762.0
