date,temp
1864-01-01,-7.1
1864-02-01,-4.52
1864-03-01,0.04
1864-04-01,2.1
1864-05-01,7.43
1864-06-01,9.48
1864-07-01,12.37
1864-08-01,10.95
1864-09-01,8.59
1864-10-01,3.51
1864-11-01,-0.51
1864-12-01,-4.47
1865-01-01,-3.46
1865-02-01,-6.26
1865-03-01,-5.91
1865-04-01,7.01
1865-05-01,10.1
1865-06-01,10.98
1865-07-01,13.98
1865-08-01,11.16
1865-09-01,11.89
1865-10-01,5.21
1865-11-01,1.26
1865-12-01,-3.07
1866-01-01,-1.31
1866-02-01,-0.42
1866-03-01,-1.0
1866-04-01,4.1
1866-05-01,4.96
1866-06-01,12.02
1866-07-01,12.25
1866-08-01,9.99
1866-09-01,9.69
1866-10-01,5.35
1866-11-01,-0.2
1866-12-01,-0.49
1867-01-01,-3.87
1867-02-01,0.55
1867-03-01,-0.13
1867-04-01,3.48
1867-05-01,7.74
1867-06-01,10.57
1867-07-01,11.29
1867-08-01,12.94
1867-09-01,10.42
1867-10-01,2.93
1867-11-01,-1.43
1867-12-01,-5.8
1868-01-01,-5.46
1868-02-01,-1.54
1868-03-01,-2.3
1868-04-01,2.32
1868-05-01,12.04
1868-06-01,11.96
1868-07-01,12.88
1868-08-01,12.5
1868-09-01,11.12
1868-10-01,4.78
1868-11-01,-1.99
1868-12-01,1.27
1869-01-01,-4.61
1869-02-01,1.27
1869-03-01,-4.25
1869-04-01,4.52
1869-05-01,8.92
1869-06-01,8.26
1869-07-01,14.81
1869-08-01,10.87
1869-09-01,10.34
1869-10-01,2.32
1869-11-01,0.08
1869-12-01,-4.18
1870-01-01,-5.46
1870-02-01,-4.23
1870-03-01,-2.59
1870-04-01,2.79
1870-05-01,8.9
1870-06-01,11.41
1870-07-01,14.39
1870-08-01,9.84
1870-09-01,8.16
1870-10-01,4.07
1870-11-01,-0.15
1870-12-01,-6.81
1871-01-01,-7.81
1871-02-01,-1.97
1871-03-01,0.02
1871-04-01,3.52
1871-05-01,6.66
1871-06-01,7.26
1871-07-01,13.13
1871-08-01,12.61
1871-09-01,11.33
1871-10-01,3.32
1871-11-01,-2.86
1871-12-01,-8.3
1872-01-01,-3.22
1872-02-01,-2.09
1872-03-01,0.47
1872-04-01,3.94
1872-05-01,6.07
1872-06-01,10.07
1872-07-01,13.45
1872-08-01,10.88
1872-09-01,10.18
1872-10-01,5.34
1872-11-01,1.77
1872-12-01,-0.77
1873-01-01,-2.18
1873-02-01,-3.85
1873-03-01,1.66
1873-04-01,1.61
1873-05-01,5.11
1873-06-01,10.53
1873-07-01,14.52
1873-08-01,13.55
1873-09-01,8.67
1873-10-01,5.47
1873-11-01,0.65
1873-12-01,-2.87
1874-01-01,-3.14
1874-02-01,-4.07
1874-03-01,-1.28
1874-04-01,4.58
1874-05-01,3.97
1874-06-01,11.29
1874-07-01,15.01
1874-08-01,10.91
1874-09-01,10.99
1874-10-01,5.72
1874-11-01,-2.12
1874-12-01,-6.34
1875-01-01,-1.76
1875-02-01,-6.47
1875-03-01,-2.13
1875-04-01,2.89
1875-05-01,9.5
1875-06-01,11.38
1875-07-01,11.44
1875-08-01,13.57
1875-09-01,10.64
1875-10-01,3.81
1875-11-01,-1.15
1875-12-01,-5.52
1876-01-01,-4.41
1876-02-01,-2.37
1876-03-01,-0.87
1876-04-01,2.91
1876-05-01,4.42
1876-06-01,10.53
1876-07-01,13.58
1876-08-01,13.1
1876-09-01,7.9
1876-10-01,7.26
1876-11-01,-1.2
1876-12-01,-0.08
1877-01-01,-1.64
1877-02-01,-1.79
1877-03-01,-2.31
1877-04-01,2.55
1877-05-01,4.94
1877-06-01,13.39
1877-07-01,11.83
1877-08-01,13.51
1877-09-01,7.29
1877-10-01,2.71
1877-11-01,1.71
1877-12-01,-3.45
1878-01-01,-5.82
1878-02-01,-1.76
1878-03-01,-2.23
1878-04-01,3.12
1878-05-01,8.26
1878-06-01,10.2
1878-07-01,11.91
1878-08-01,12.16
1878-09-01,9.45
1878-10-01,5.45
1878-11-01,-2.0
1878-12-01,-6.36
1879-01-01,-4.1
1879-02-01,-2.58
1879-03-01,0.09
1879-04-01,0.92
1879-05-01,3.41
1879-06-01,10.82
1879-07-01,9.79
1879-08-01,14.02
1879-09-01,9.32
1879-10-01,4.0
1879-11-01,-3.14
1879-12-01,-8.4
1880-01-01,-6.41
1880-02-01,-2.06
1880-03-01,2.19
1880-04-01,3.72
1880-05-01,6.2
1880-06-01,8.91
1880-07-01,13.67
1880-08-01,11.13
1880-09-01,9.66
1880-10-01,5.41
1880-11-01,1.13
1880-12-01,0.44
1881-01-01,-6.82
1881-02-01,-1.95
1881-03-01,1.13
1881-04-01,2.69
1881-05-01,6.42
1881-06-01,9.91
1881-07-01,15.24
1881-08-01,12.71
1881-09-01,7.47
1881-10-01,1.16
1881-11-01,2.86
1881-12-01,-2.92
1882-01-01,-2.0
1882-02-01,-2.38
1882-03-01,1.68
1882-04-01,2.79
1882-05-01,7.56
1882-06-01,9.54
1882-07-01,10.95
1882-08-01,10.29
1882-09-01,7.43
1882-10-01,5.1
1882-11-01,0.08
1882-12-01,-2.14
1883-01-01,-3.2
1883-02-01,-1.1
1883-03-01,-4.36
1883-04-01,1.88
1883-05-01,7.32
1883-06-01,9.84
1883-07-01,10.9
1883-08-01,11.64
1883-09-01,8.17
1883-10-01,3.85
1883-11-01,0.22
1883-12-01,-3.65
1884-01-01,-1.73
1884-02-01,-1.29
1884-03-01,0.81
1884-04-01,2.46
1884-05-01,8.5
1884-06-01,7.39
1884-07-01,13.19
1884-08-01,12.62
1884-09-01,9.41
1884-10-01,3.27
1884-11-01,-1.67
1884-12-01,-2.54
1885-01-01,-6.02
1885-02-01,-0.03
1885-03-01,-0.48
1885-04-01,3.79
1885-05-01,4.85
1885-06-01,12.29
1885-07-01,13.75
1885-08-01,11.8
1885-09-01,8.54
1885-10-01,2.59
1885-11-01,1.21
1885-12-01,-3.11
1886-01-01,-5.24
1886-02-01,-5.25
1886-03-01,-1.85
1886-04-01,4.34
1886-05-01,7.55
1886-06-01,8.78
1886-07-01,13.09
1886-08-01,12.12
1886-09-01,11.25
1886-10-01,6.05
1886-11-01,0.55
1886-12-01,-3.82
1887-01-01,-5.75
1887-02-01,-4.93
1887-03-01,-2.19
1887-04-01,2.45
1887-05-01,4.54
1887-06-01,11.89
1887-07-01,14.59
1887-08-01,12.08
1887-09-01,8.28
1887-10-01,0.76
1887-11-01,-0.77
1887-12-01,-5.41
1888-01-01,-5.32
1888-02-01,-5.26
1888-03-01,-2.34
1888-04-01,0.98
1888-05-01,8.05
1888-06-01,10.8
1888-07-01,10.02
1888-08-01,10.81
1888-09-01,9.45
1888-10-01,2.39
1888-11-01,1.16
1888-12-01,-1.86
1889-01-01,-4.78
1889-02-01,-6.14
1889-03-01,-3.6
1889-04-01,1.31
1889-05-01,8.49
1889-06-01,11.67
1889-07-01,11.68
1889-08-01,11.08
1889-09-01,7.48
1889-10-01,3.87
1889-11-01,0.66
1889-12-01,-5.47
1890-01-01,-1.3
1890-02-01,-5.66
1890-03-01,-0.78
1890-04-01,2.29
1890-05-01,7.95
1890-06-01,9.53
1890-07-01,10.72
1890-08-01,11.44
1890-09-01,8.27
1890-10-01,2.97
1890-11-01,-0.96
1890-12-01,-6.74
1891-01-01,-8.53
1891-02-01,-4.02
1891-03-01,-1.61
1891-04-01,0.49
1891-05-01,6.76
1891-06-01,10.46
1891-07-01,11.26
1891-08-01,10.57
1891-09-01,9.82
1891-10-01,5.89
1891-11-01,-0.23
1891-12-01,-1.94
1892-01-01,-4.41
1892-02-01,-2.62
1892-03-01,-3.4
1892-04-01,3.22
1892-05-01,7.32
1892-06-01,10.89
1892-07-01,12.03
1892-08-01,13.37
1892-09-01,9.77
1892-10-01,3.81
1892-11-01,2.08
1892-12-01,-4.81
1893-01-01,-8.48
1893-02-01,-2.44
1893-03-01,0.75
1893-04-01,6.33
1893-05-01,7.0
1893-06-01,10.81
1893-07-01,12.33
1893-08-01,13.3
1893-09-01,9.25
1893-10-01,6.38
1893-11-01,-0.69
1893-12-01,-3.33
1894-01-01,-5.06
1894-02-01,-2.61
1894-03-01,-0.11
1894-04-01,4.96
1894-05-01,6.39
1894-06-01,9.92
1894-07-01,13.03
1894-08-01,11.72
1894-09-01,7.84
1894-10-01,4.48
1894-11-01,1.67
1894-12-01,-4.0
1895-01-01,-8.66
1895-02-01,-9.26
1895-03-01,-2.18
1895-04-01,4.17
1895-05-01,6.87
1895-06-01,10.52
1895-07-01,13.24
1895-08-01,11.98
1895-09-01,12.61
1895-10-01,4.0
1895-11-01,3.39
1895-12-01,-2.54
1896-01-01,-4.49
1896-02-01,-2.82
1896-03-01,1.34
1896-04-01,0.57
1896-05-01,5.52
1896-06-01,10.47
1896-07-01,12.78
1896-08-01,9.24
1896-09-01,8.27
1896-10-01,3.47
1896-11-01,-1.62
1896-12-01,-3.01
1897-01-01,-4.77
1897-02-01,0.07
1897-03-01,1.45
1897-04-01,2.95
1897-05-01,5.49
1897-06-01,12.35
1897-07-01,13.05
1897-08-01,12.25
1897-09-01,7.98
1897-10-01,3.99
1897-11-01,1.38
1897-12-01,-2.69
1898-01-01,-0.76
1898-02-01,-3.54
1898-03-01,-1.06
1898-04-01,3.4
1898-05-01,6.13
1898-06-01,9.43
1898-07-01,11.25
1898-08-01,13.9
1898-09-01,11.38
1898-10-01,6.48
1898-11-01,2.49
1898-12-01,-2.28
1899-01-01,-1.6
1899-02-01,-0.56
1899-03-01,-0.14
1899-04-01,2.39
1899-05-01,6.22
1899-06-01,10.47
1899-07-01,12.49
1899-08-01,13.6
1899-09-01,8.67
1899-10-01,6.38
1899-11-01,2.07
1899-12-01,-4.63
1900-01-01,-3.03
1900-02-01,-1.0
1900-03-01,-4.09
1900-04-01,1.96
1900-05-01,6.34
1900-06-01,11.52
1900-07-01,13.97
1900-08-01,11.3
1900-09-01,11.29
1900-10-01,5.53
1900-11-01,0.87
1900-12-01,-0.61
1901-01-01,-4.7
1901-02-01,-8.75
1901-03-01,-2.63
1901-04-01,3.4
1901-05-01,7.5
1901-06-01,11.31
1901-07-01,12.92
1901-08-01,11.84
1901-09-01,9.58
1901-10-01,4.56
1901-11-01,-1.39
1901-12-01,-2.82
1902-01-01,-2.52
1902-02-01,-3.1
1902-03-01,-0.38
1902-04-01,5.12
1902-05-01,3.1
1902-06-01,9.46
1902-07-01,13.1
1902-08-01,11.5
1902-09-01,9.12
1902-10-01,4.04
1902-11-01,-0.05
1902-12-01,-3.35
1903-01-01,-3.55
1903-02-01,-0.81
1903-03-01,0.52
1903-04-01,-0.52
1903-05-01,7.11
1903-06-01,9.44
1903-07-01,11.35
1903-08-01,12.2
1903-09-01,9.41
1903-10-01,5.52
1903-11-01,0.11
1903-12-01,-3.93
1904-01-01,-4.25
1904-02-01,-3.13
1904-03-01,-0.59
1904-04-01,4.64
1904-05-01,8.57
1904-06-01,11.72
1904-07-01,15.13
1904-08-01,13.2
1904-09-01,7.38
1904-10-01,4.95
1904-11-01,-0.62
1904-12-01,-2.02
1905-01-01,-6.29
1905-02-01,-4.01
1905-03-01,0.1
1905-04-01,2.9
1905-05-01,5.97
1905-06-01,11.17
1905-07-01,15.07
1905-08-01,12.14
1905-09-01,9.44
1905-10-01,-0.29
1905-11-01,-0.89
1905-12-01,-2.44
1906-01-01,-3.61
1906-02-01,-5.08
1906-03-01,-1.6
1906-04-01,2.24
1906-05-01,7.36
1906-06-01,10.05
1906-07-01,12.93
1906-08-01,13.41
1906-09-01,8.71
1906-10-01,7.06
1906-11-01,1.68
1906-12-01,-6.42
1907-01-01,-4.66
1907-02-01,-5.94
1907-03-01,-2.07
1907-04-01,1.23
1907-05-01,7.76
1907-06-01,10.45
1907-07-01,10.69
1907-08-01,12.99
1907-09-01,10.3
1907-10-01,6.1
1907-11-01,1.56
1907-12-01,-1.46
1908-01-01,-4.25
1908-02-01,-3.65
1908-03-01,-2.46
1908-04-01,0.65
1908-05-01,9.06
1908-06-01,12.34
1908-07-01,12.13
1908-08-01,10.83
1908-09-01,8.55
1908-10-01,5.87
1908-11-01,-0.37
1908-12-01,-3.44
1909-01-01,-5.39
1909-02-01,-6.45
1909-03-01,-3.05
1909-04-01,4.49
1909-05-01,6.76
1909-06-01,8.67
1909-07-01,10.38
1909-08-01,11.81
1909-09-01,8.2
1909-10-01,6.07
1909-11-01,-1.58
1909-12-01,-1.46
1910-01-01,-3.25
1910-02-01,-2.93
1910-03-01,-0.59
1910-04-01,2.07
1910-05-01,5.63
1910-06-01,10.72
1910-07-01,10.39
1910-08-01,11.42
1910-09-01,7.06
1910-10-01,5.88
1910-11-01,-1.42
1910-12-01,-0.85
1911-01-01,-5.5
1911-02-01,-3.07
1911-03-01,-0.65
1911-04-01,2.01
1911-05-01,7.35
1911-06-01,10.14
1911-07-01,15.26
1911-08-01,15.27
1911-09-01,11.23
1911-10-01,5.09
1911-11-01,1.82
1911-12-01,-0.86
1912-01-01,-2.27
1912-02-01,0.09
1912-03-01,1.46
1912-04-01,1.81
1912-05-01,8.05
1912-06-01,10.5
1912-07-01,11.98
1912-08-01,9.07
1912-09-01,4.38
1912-10-01,3.71
1912-11-01,-2.51
1912-12-01,-1.11
1913-01-01,-2.11
1913-02-01,-3.16
1913-03-01,1.72
1913-04-01,2.49
1913-05-01,6.95
1913-06-01,10.13
1913-07-01,9.54
1913-08-01,11.19
1913-09-01,8.53
1913-10-01,6.58
1913-11-01,2.7
1913-12-01,-2.83
1914-01-01,-6.53
1914-02-01,-0.48
1914-03-01,-0.02
1914-04-01,5.17
1914-05-01,5.72
1914-06-01,9.16
1914-07-01,10.9
1914-08-01,12.25
1914-09-01,8.54
1914-10-01,4.35
1914-11-01,-0.66
1914-12-01,-1.13
1915-01-01,-4.72
1915-02-01,-3.81
1915-03-01,-1.53
1915-04-01,1.75
1915-05-01,9.56
1915-06-01,12.37
1915-07-01,11.82
1915-08-01,10.92
1915-09-01,7.71
1915-10-01,2.49
1915-11-01,-2.15
1915-12-01,0.77
1916-01-01,-0.96
1916-02-01,-2.63
1916-03-01,-0.06
1916-04-01,3.08
1916-05-01,8.05
1916-06-01,8.32
1916-07-01,11.57
1916-08-01,11.69
1916-09-01,7.26
1916-10-01,4.75
1916-11-01,0.37
1916-12-01,-1.93
1917-01-01,-6.13
1917-02-01,-5.2
1917-03-01,-2.83
1917-04-01,-0.45
1917-05-01,9.97
1917-06-01,12.63
1917-07-01,12.5
1917-08-01,11.43
1917-09-01,11.51
1917-10-01,2.53
1917-11-01,-0.14
1917-12-01,-6.28
1918-01-01,-2.8
1918-02-01,-2.3
1918-03-01,-0.58
1918-04-01,3.07
1918-05-01,8.66
1918-06-01,8.38
1918-07-01,12.42
1918-08-01,11.94
1918-09-01,9.82
1918-10-01,3.38
1918-11-01,0.3
1918-12-01,-0.36
1919-01-01,-4.08
1919-02-01,-4.03
1919-03-01,-0.89
1919-04-01,0.36
1919-05-01,6.77
1919-06-01,10.87
1919-07-01,9.43
1919-08-01,13.93
1919-09-01,11.09
1919-10-01,1.25
1919-11-01,-2.14
1919-12-01,-2.29
1920-01-01,-1.04
1920-02-01,-0.67
1920-03-01,1.91
1920-04-01,3.62
1920-05-01,10.11
1920-06-01,10.36
1920-07-01,12.55
1920-08-01,10.57
1920-09-01,9.4
1920-10-01,5.5
1920-11-01,0.82
1920-12-01,-2.37
1921-01-01,-0.48
1921-02-01,-3.04
1921-03-01,1.07
1921-04-01,2.04
1921-05-01,8.74
1921-06-01,11.0
1921-07-01,15.07
1921-08-01,12.57
1921-09-01,11.28
1921-10-01,8.1
1921-11-01,-1.45
1921-12-01,-2.15
1922-01-01,-4.77
1922-02-01,-2.72
1922-03-01,0.5
1922-04-01,1.18
1922-05-01,9.49
1922-06-01,11.19
1922-07-01,11.3
1922-08-01,12.24
1922-09-01,7.0
1922-10-01,3.38
1922-11-01,-1.55
1922-12-01,-2.97
1923-01-01,-4.48
1923-02-01,-1.23
1923-03-01,0.09
1923-04-01,3.12
1923-05-01,7.36
1923-06-01,7.29
1923-07-01,15.09
1923-08-01,13.63
1923-09-01,8.9
1923-10-01,6.88
1923-11-01,0.06
1923-12-01,-3.85
1924-01-01,-4.44
1924-02-01,-5.62
1924-03-01,-0.52
1924-04-01,3.25
1924-05-01,8.75
1924-06-01,10.67
1924-07-01,12.7
1924-08-01,9.32
1924-09-01,9.49
1924-10-01,5.38
1924-11-01,1.56
1924-12-01,-1.76
1925-01-01,-1.25
1925-02-01,-1.69
1925-03-01,-3.33
1925-04-01,2.99
1925-05-01,7.64
1925-06-01,11.56
1925-07-01,12.09
1925-08-01,11.8
1925-09-01,6.87
1925-10-01,5.86
1925-11-01,-0.86
1925-12-01,-3.32
1926-01-01,-3.66
1926-02-01,1.27
1926-03-01,0.39
1926-04-01,4.39
1926-05-01,5.67
1926-06-01,8.18
1926-07-01,11.84
1926-08-01,12.74
1926-09-01,11.62
1926-10-01,5.6
1926-11-01,2.64
1926-12-01,-3.82
1927-01-01,-3.34
1927-02-01,-3.13
1927-03-01,0.1
1927-04-01,3.52
1927-05-01,8.4
1927-06-01,10.73
1927-07-01,12.72
1927-08-01,11.77
1927-09-01,9.38
1927-10-01,5.38
1927-11-01,1.36
1927-12-01,-2.79
1928-01-01,-2.3
1928-02-01,-1.48
1928-03-01,0.37
1928-04-01,3.28
1928-05-01,5.28
1928-06-01,11.06
1928-07-01,16.14
1928-08-01,14.12
1928-09-01,9.52
1928-10-01,4.89
1928-11-01,1.35
1928-12-01,-4.0
1929-01-01,-7.4
1929-02-01,-8.43
1929-03-01,0.2
1929-04-01,0.95
1929-05-01,7.95
1929-06-01,11.66
1929-07-01,13.96
1929-08-01,12.66
1929-09-01,12.4
1929-10-01,5.6
1929-11-01,0.8
1929-12-01,-1.01
1930-01-01,-0.83
1930-02-01,-3.94
1930-03-01,0.8
1930-04-01,3.71
1930-05-01,6.21
1930-06-01,13.54
1930-07-01,11.66
1930-08-01,12.37
1930-09-01,10.06
1930-10-01,4.94
1930-11-01,2.63
1930-12-01,-2.27
1931-01-01,-4.45
1931-02-01,-5.28
1931-03-01,-1.9
1931-04-01,2.1
1931-05-01,9.43
1931-06-01,13.44
1931-07-01,12.22
1931-08-01,10.74
1931-09-01,5.29
1931-10-01,4.6
1931-11-01,2.19
1931-12-01,-3.98
1932-01-01,-1.77
1932-02-01,-6.87
1932-03-01,-2.09
1932-04-01,1.26
1932-05-01,6.48
1932-06-01,9.72
1932-07-01,12.04
1932-08-01,15.11
1932-09-01,12.38
1932-10-01,4.53
1932-11-01,1.5
1932-12-01,-1.04
1933-01-01,-5.76
1933-02-01,-3.42
1933-03-01,0.6
1933-04-01,3.98
1933-05-01,5.99
1933-06-01,8.27
1933-07-01,13.83
1933-08-01,13.92
1933-09-01,10.21
1933-10-01,5.27
1933-11-01,-0.96
1933-12-01,-5.97
1934-01-01,-3.71
1934-02-01,-2.76
1934-03-01,-0.4
1934-04-01,5.58
1934-05-01,9.55
1934-06-01,11.03
1934-07-01,14.11
1934-08-01,11.46
1934-09-01,11.03
1934-10-01,4.98
1934-11-01,0.06
1934-12-01,0.59
1935-01-01,-6.22
1935-02-01,-2.65
1935-03-01,-1.64
1935-04-01,2.08
1935-05-01,5.69
1935-06-01,12.91
1935-07-01,14.01
1935-08-01,11.77
1935-09-01,10.26
1935-10-01,4.76
1935-11-01,1.32
1935-12-01,-4.02
1936-01-01,-0.32
1936-02-01,-2.88
1936-03-01,1.2
1936-04-01,2.61
1936-05-01,7.91
1936-06-01,10.31
1936-07-01,11.79
1936-08-01,12.35
1936-09-01,9.4
1936-10-01,1.53
1936-11-01,0.56
1936-12-01,-1.76
1937-01-01,-1.84
1937-02-01,-0.99
1937-03-01,-1.54
1937-04-01,2.6
1937-05-01,9.0
1937-06-01,11.76
1937-07-01,13.44
1937-08-01,12.63
1937-09-01,8.75
1937-10-01,5.67
1937-11-01,0.03
1937-12-01,-4.71
1938-01-01,-3.32
1938-02-01,-3.44
1938-03-01,2.49
1938-04-01,0.33
1938-05-01,5.81
1938-06-01,12.36
1938-07-01,12.28
1938-08-01,12.13
1938-09-01,9.76
1938-10-01,5.45
1938-11-01,3.15
1938-12-01,-4.13
1939-01-01,-2.11
1939-02-01,-1.56
1939-03-01,-3.45
1939-04-01,4.52
1939-05-01,4.6
1939-06-01,11.12
1939-07-01,11.87
1939-08-01,12.56
1939-09-01,8.79
1939-10-01,3.66
1939-11-01,2.34
1939-12-01,-3.95
1940-01-01,-6.9
1940-02-01,-2.72
1940-03-01,-0.3
1940-04-01,3.17
1940-05-01,7.17
1940-06-01,10.23
1940-07-01,11.4
1940-08-01,11.22
1940-09-01,9.63
1940-10-01,4.76
1940-11-01,0.94
1940-12-01,-7.17
1941-01-01,-5.59
1941-02-01,-3.09
1941-03-01,0.21
1941-04-01,1.71
1941-05-01,4.09
1941-06-01,11.37
1941-07-01,13.93
1941-08-01,11.08
1941-09-01,9.03
1941-10-01,3.65
1941-11-01,-0.34
1941-12-01,-3.46
1942-01-01,-8.26
1942-02-01,-6.69
1942-03-01,1.62
1942-04-01,3.78
1942-05-01,7.68
1942-06-01,11.5
1942-07-01,12.7
1942-08-01,12.91
1942-09-01,11.48
1942-10-01,7.67
1942-11-01,-0.98
1942-12-01,-1.78
1943-01-01,-3.23
1943-02-01,-1.69
1943-03-01,1.89
1943-04-01,4.66
1943-05-01,8.91
1943-06-01,10.08
1943-07-01,13.2
1943-08-01,14.43
1943-09-01,10.67
1943-10-01,7.35
1943-11-01,-0.95
1943-12-01,-2.21
1944-01-01,-1.91
1944-02-01,-6.02
1944-03-01,-3.45
1944-04-01,4.84
1944-05-01,7.67
1944-06-01,9.91
1944-07-01,12.7
1944-08-01,15.86
1944-09-01,9.02
1944-10-01,3.66
1944-11-01,-0.5
1944-12-01,-4.43
1945-01-01,-8.83
1945-02-01,-0.01
1945-03-01,1.32
1945-04-01,5.1
1945-05-01,9.58
1945-06-01,13.09
1945-07-01,14.56
1945-08-01,12.02
1945-09-01,10.22
1945-10-01,5.17
1945-11-01,-0.61
1945-12-01,-2.76
1946-01-01,-4.78
1946-02-01,-1.32
1946-03-01,1.2
1946-04-01,6.23
1946-05-01,8.53
1946-06-01,10.03
1946-07-01,13.86
1946-08-01,12.33
1946-09-01,10.73
1946-10-01,4.43
1946-11-01,0.4
1946-12-01,-4.75
1947-01-01,-6.46
1947-02-01,-4.62
1947-03-01,0.99
1947-04-01,6.27
1947-05-01,9.96
1947-06-01,13.25
1947-07-01,15.17
1947-08-01,15.18
1947-09-01,12.0
1947-10-01,6.31
1947-11-01,2.4
1947-12-01,-3.07
1948-01-01,-0.78
1948-02-01,-2.57
1948-03-01,3.58
1948-04-01,4.27
1948-05-01,9.0
1948-06-01,10.12
1948-07-01,10.47
1948-08-01,12.46
1948-09-01,9.81
1948-10-01,6.3
1948-11-01,2.48
1948-12-01,-1.82
1949-01-01,-2.43
1949-02-01,-1.92
1949-03-01,-1.89
1949-04-01,6.61
1949-05-01,6.63
1949-06-01,11.0
1949-07-01,14.5
1949-08-01,13.51
1949-09-01,12.7
1949-10-01,7.55
1949-11-01,-0.3
1949-12-01,-0.85
1950-01-01,-3.49
1950-02-01,-0.8
1950-03-01,1.11
1950-04-01,1.83
1950-05-01,9.18
1950-06-01,13.68
1950-07-01,15.49
1950-08-01,13.28
1950-09-01,9.25
1950-10-01,5.31
1950-11-01,0.55
1950-12-01,-5.07
1951-01-01,-2.47
1951-02-01,-2.53
1951-03-01,-1.34
1951-04-01,2.92
1951-05-01,6.9
1951-06-01,10.74
1951-07-01,13.32
1951-08-01,12.5
1951-09-01,10.9
1951-10-01,4.95
1951-11-01,2.07
1951-12-01,-1.37
1952-01-01,-4.8
1952-02-01,-4.94
1952-03-01,0.94
1952-04-01,5.38
1952-05-01,8.38
1952-06-01,12.6
1952-07-01,15.94
1952-08-01,13.7
1952-09-01,6.5
1952-10-01,4.19
1952-11-01,-1.48
1952-12-01,-3.34
1953-01-01,-5.94
1953-02-01,-4.37
1953-03-01,0.72
1953-04-01,4.57
1953-05-01,8.99
1953-06-01,9.74
1953-07-01,13.29
1953-08-01,12.87
1953-09-01,10.73
1953-10-01,6.79
1953-11-01,1.74
1953-12-01,-0.33
1954-01-01,-6.07
1954-02-01,-4.22
1954-03-01,1.02
1954-04-01,1.79
1954-05-01,6.68
1954-06-01,11.21
1954-07-01,10.59
1954-08-01,11.08
1954-09-01,9.93
1954-10-01,5.64
1954-11-01,1.54
1954-12-01,-0.83
1955-01-01,-1.94
1955-02-01,-3.76
1955-03-01,-1.95
1955-04-01,3.27
1955-05-01,6.56
1955-06-01,10.77
1955-07-01,12.64
1955-08-01,11.66
1955-09-01,8.99
1955-10-01,3.98
1955-11-01,-0.05
1955-12-01,0.08
1956-01-01,-2.09
1956-02-01,-11.94
1956-03-01,-0.65
1956-04-01,1.51
1956-05-01,7.9
1956-06-01,8.51
1956-07-01,12.46
1956-08-01,10.95
1956-09-01,10.88
1956-10-01,3.71
1956-11-01,-1.41
1956-12-01,-2.64
1957-01-01,-3.92
1957-02-01,-0.16
1957-03-01,3.77
1957-04-01,3.58
1957-05-01,4.92
1957-06-01,11.52
1957-07-01,12.76
1957-08-01,11.41
1957-09-01,8.79
1957-10-01,5.82
1957-11-01,1.6
1957-12-01,-2.58
1958-01-01,-3.71
1958-02-01,-0.49
1958-03-01,-3.32
1958-04-01,0.74
1958-05-01,9.83
1958-06-01,10.24
1958-07-01,13.22
1958-08-01,13.41
1958-09-01,11.58
1958-10-01,4.75
1958-11-01,0.91
1958-12-01,-1.27
1959-01-01,-3.69
1959-02-01,-0.97
1959-03-01,2.61
1959-04-01,4.34
1959-05-01,8.16
1959-06-01,11.23
1959-07-01,14.69
1959-08-01,12.28
1959-09-01,11.18
1959-10-01,5.17
1959-11-01,-0.24
1959-12-01,-1.38
1960-01-01,-3.9
1960-02-01,-1.6
1960-03-01,1.21
1960-04-01,3.2
1960-05-01,8.85
1960-06-01,11.95
1960-07-01,10.8
1960-08-01,11.73
1960-09-01,7.94
1960-10-01,4.19
1960-11-01,1.63
1960-12-01,-3.03
1961-01-01,-3.14
1961-02-01,0.77
1961-03-01,1.78
1961-04-01,6.11
1961-05-01,6.21
1961-06-01,11.67
1961-07-01,11.61
1961-08-01,12.29
1961-09-01,13.32
1961-10-01,6.43
1961-11-01,0.69
1961-12-01,-1.38
1962-01-01,-2.4
1962-02-01,-3.74
1962-03-01,-3.48
1962-04-01,2.81
1962-05-01,5.61
1962-06-01,10.06
1962-07-01,12.14
1962-08-01,14.25
1962-09-01,9.66
1962-10-01,6.12
1962-11-01,-1.2
1962-12-01,-5.39
1963-01-01,-8.59
1963-02-01,-7.22
1963-03-01,-0.93
1963-04-01,4.14
1963-05-01,6.75
1963-06-01,10.67
1963-07-01,13.87
1963-08-01,11.32
1963-09-01,9.98
1963-10-01,5.74
1963-11-01,3.05
1963-12-01,-4.26
1964-01-01,-3.82
1964-02-01,-1.47
1964-03-01,-0.8
1964-04-01,4.48
1964-05-01,9.24
1964-06-01,12.34
1964-07-01,14.57
1964-08-01,12.06
1964-09-01,10.37
1964-10-01,3.41
1964-11-01,2.01
1964-12-01,-3.25
1965-01-01,-2.98
1965-02-01,-6.97
1965-03-01,-0.63
1965-04-01,1.7
1965-05-01,6.7
1965-06-01,11.41
1965-07-01,11.37
1965-08-01,11.3
1965-09-01,7.65
1965-10-01,6.34
1965-11-01,-0.15
1965-12-01,-1.54
1966-01-01,-5.19
1966-02-01,1.47
1966-03-01,-1.48
1966-04-01,4.69
1966-05-01,7.93
1966-06-01,11.86
1966-07-01,11.07
1966-08-01,11.09
1966-09-01,11.21
1966-10-01,7.55
1966-11-01,-1.93
1966-12-01,-2.61
1967-01-01,-3.69
1967-02-01,-1.76
1967-03-01,0.8
1967-04-01,2.11
1967-05-01,7.11
1967-06-01,9.87
1967-07-01,14.69
1967-08-01,12.55
1967-09-01,9.18
1967-10-01,7.93
1967-11-01,1.94
1967-12-01,-4.24
1968-01-01,-4.54
1968-02-01,-2.03
1968-03-01,0.02
1968-04-01,4.5
1968-05-01,6.68
1968-06-01,10.73
1968-07-01,12.35
1968-08-01,10.73
1968-09-01,8.62
1968-10-01,7.66
1968-11-01,1.24
1968-12-01,-3.86
1969-01-01,-2.48
1969-02-01,-5.65
1969-03-01,-0.39
1969-04-01,2.62
1969-05-01,8.66
1969-06-01,8.88
1969-07-01,13.76
1969-08-01,11.53
1969-09-01,10.56
1969-10-01,7.33
1969-11-01,0.67
1969-12-01,-6.59
1970-01-01,-2.86
1970-02-01,-3.87
1970-03-01,-3.12
1970-04-01,0.66
1970-05-01,6.09
1970-06-01,11.99
1970-07-01,12.54
1970-08-01,12.65
1970-09-01,10.83
1970-10-01,5.19
1970-11-01,2.39
1970-12-01,-3.63
1971-01-01,-3.98
1971-02-01,-3.28
1971-03-01,-4.06
1971-04-01,5.51
1971-05-01,8.91
1971-06-01,9.21
1971-07-01,14.32
1971-08-01,14.01
1971-09-01,9.04
1971-10-01,6.84
1971-11-01,-0.49
1971-12-01,-0.59
1972-01-01,-3.29
1972-02-01,-0.5
1972-03-01,1.85
1972-04-01,2.5
1972-05-01,6.47
1972-06-01,9.59
1972-07-01,12.28
1972-08-01,11.71
1972-09-01,6.57
1972-10-01,4.42
1972-11-01,1.1
1972-12-01,-1.85
1973-01-01,-2.99
1973-02-01,-4.39
1973-03-01,-1.35
1973-04-01,0.06
1973-05-01,8.49
1973-06-01,11.52
1973-07-01,12.2
1973-08-01,14.36
1973-09-01,10.75
1973-10-01,4.51
1973-11-01,0.71
1973-12-01,-2.81
1974-01-01,-0.29
1974-02-01,-1.19
1974-03-01,1.77
1974-04-01,3.18
1974-05-01,6.56
1974-06-01,9.31
1974-07-01,12.23
1974-08-01,13.63
1974-09-01,8.96
1974-10-01,-0.27
1974-11-01,0.31
1974-12-01,-0.35
1975-01-01,-0.09
1975-02-01,-1.61
1975-03-01,-1.29
1975-04-01,2.71
1975-05-01,7.42
1975-06-01,9.41
1975-07-01,13.11
1975-08-01,12.99
1975-09-01,11.56
1975-10-01,4.57
1975-11-01,0.45
1975-12-01,-2.24
1976-01-01,-2.7
1976-02-01,-1.26
1976-03-01,-0.77
1976-04-01,3.05
1976-05-01,8.54
1976-06-01,13.14
1976-07-01,13.8
1976-08-01,11.12
1976-09-01,7.99
1976-10-01,6.62
1976-11-01,0.21
1976-12-01,-4.26
1977-01-01,-2.9
1977-02-01,-0.3
1977-03-01,2.71
1977-04-01,1.83
1977-05-01,6.8
1977-06-01,10.19
1977-07-01,12.33
1977-08-01,11.05
1977-09-01,8.55
1977-10-01,7.21
1977-11-01,0.41
1977-12-01,-1.05
1978-01-01,-3.21
1978-02-01,-3.26
1978-03-01,0.42
1978-04-01,1.99
1978-05-01,6.03
1978-06-01,9.65
1978-07-01,11.83
1978-08-01,11.32
1978-09-01,9.42
1978-10-01,5.57
1978-11-01,1.11
1978-12-01,-1.03
1979-01-01,-5.74
1979-02-01,-1.8
1979-03-01,0.36
1979-04-01,1.18
1979-05-01,7.16
1979-06-01,11.5
1979-07-01,12.65
1979-08-01,11.31
1979-09-01,9.92
1979-10-01,6.95
1979-11-01,0.15
1979-12-01,-0.45
1980-01-01,-4.51
1980-02-01,-0.76
1980-03-01,-0.01
1980-04-01,0.69
1980-05-01,5.86
1980-06-01,9.05
1980-07-01,10.68
1980-08-01,13.41
1980-09-01,10.93
1980-10-01,4.65
1980-11-01,0.05
1980-12-01,-3.9
1981-01-01,-5.06
1981-02-01,-4.43
1981-03-01,2.61
1981-04-01,5.02
1981-05-01,7.28
1981-06-01,11.17
1981-07-01,11.75
1981-08-01,13.34
1981-09-01,10.15
1981-10-01,5.12
1981-11-01,0.48
1981-12-01,-3.6
1982-01-01,-1.81
1982-02-01,-2.39
1982-03-01,-1.01
1982-04-01,2.46
1982-05-01,8.01
1982-06-01,11.92
1982-07-01,14.84
1982-08-01,12.39
1982-09-01,11.87
1982-10-01,5.34
1982-11-01,2.3
1982-12-01,-1.25
1983-01-01,-0.63
1983-02-01,-5.04
1983-03-01,1.04
1983-04-01,3.71
1983-05-01,5.7
1983-06-01,11.83
1983-07-01,17.35
1983-08-01,13.35
1983-09-01,10.75
1983-10-01,6.31
1983-11-01,1.38
1983-12-01,-1.64
1984-01-01,-3.32
1984-02-01,-4.75
1984-03-01,-2.3
1984-04-01,2.18
1984-05-01,4.92
1984-06-01,10.28
1984-07-01,13.27
1984-08-01,12.39
1984-09-01,8.23
1984-10-01,6.47
1984-11-01,3.38
1984-12-01,-1.31
1985-01-01,-8.05
1985-02-01,-2.75
1985-03-01,-1.6
1985-04-01,3.29
1985-05-01,7.46
1985-06-01,9.45
1985-07-01,14.71
1985-08-01,12.91
1985-09-01,11.83
1985-10-01,7.08
1985-11-01,-2.22
1985-12-01,0.23
1986-01-01,-3.63
1986-02-01,-7.49
1986-03-01,-0.15
1986-04-01,1.62
1986-05-01,9.61
1986-06-01,11.41
1986-07-01,13.1
1986-08-01,12.77
1986-09-01,10.51
1986-10-01,7.4
1986-11-01,2.08
1986-12-01,-1.85
1987-01-01,-6.03
1987-02-01,-2.26
1987-03-01,-3.22
1987-04-01,4.47
1987-05-01,5.11
1987-06-01,9.51
1987-07-01,13.56
1987-08-01,13.11
1987-09-01,12.95
1987-10-01,7.29
1987-11-01,1.46
1987-12-01,0.33
1988-01-01,-0.32
1988-02-01,-2.73
1988-03-01,-1.43
1988-04-01,4.57
1988-05-01,9.06
1988-06-01,10.58
1988-07-01,13.66
1988-08-01,13.78
1988-09-01,10.01
1988-10-01,7.68
1988-11-01,0.22
1988-12-01,-0.86
1989-01-01,-0.66
1989-02-01,0.11
1989-03-01,3.31
1989-04-01,2.54
1989-05-01,9.21
1989-06-01,10.43
1989-07-01,14.08
1989-08-01,13.34
1989-09-01,9.99
1989-10-01,7.06
1989-11-01,0.61
1989-12-01,0.18
1990-01-01,-1.67
1990-02-01,2.1
1990-03-01,2.76
1990-04-01,2.52
1990-05-01,9.79
1990-06-01,10.69
1990-07-01,14.06
1990-08-01,14.31
1990-09-01,9.4
1990-10-01,7.85
1990-11-01,0.4
1990-12-01,-3.79
1991-01-01,-2.03
1991-02-01,-4.57
1991-03-01,3.08
1991-04-01,2.38
1991-05-01,4.84
1991-06-01,10.15
1991-07-01,15.24
1991-08-01,15.32
1991-09-01,12.28
1991-10-01,5.04
1991-11-01,0.74
1991-12-01,-2.71
1992-01-01,-2.45
1992-02-01,-1.44
1992-03-01,1.33
1992-04-01,3.66
1992-05-01,10.05
1992-06-01,10.81
1992-07-01,14.38
1992-08-01,16.19
1992-09-01,10.35
1992-10-01,3.94
1992-11-01,3.25
1992-12-01,-1.35
1993-01-01,-0.04
1993-02-01,-2.68
1993-03-01,-0.13
1993-04-01,5.04
1993-05-01,9.56
1993-06-01,12.09
1993-07-01,12.41
1993-08-01,13.84
1993-09-01,8.84
1993-10-01,4.77
1993-11-01,-1.04
1993-12-01,-0.5
1994-01-01,-1.44
1994-02-01,-1.94
1994-03-01,4.33
1994-04-01,2.43
1994-05-01,8.72
1994-06-01,12.17
1994-07-01,16.56
1994-08-01,15.01
1994-09-01,9.73
1994-10-01,6.18
1994-11-01,4.75
1994-12-01,0.11
1995-01-01,-3.79
1995-02-01,0.64
1995-03-01,-1.15
1995-04-01,4.28
1995-05-01,8.05
1995-06-01,9.86
1995-07-01,16.09
1995-08-01,13.0
1995-09-01,7.63
1995-10-01,9.4
1995-11-01,0.68
1995-12-01,-2.32
1996-01-01,-1.26
1996-02-01,-4.31
1996-03-01,-1.11
1996-04-01,4.62
1996-05-01,8.0
1996-06-01,12.67
1996-07-01,12.83
1996-08-01,12.41
1996-09-01,7.08
1996-10-01,5.83
1996-11-01,0.96
1996-12-01,-2.22
1997-01-01,-2.26
1997-02-01,0.4
1997-03-01,3.08
1997-04-01,3.09
1997-05-01,8.8
1997-06-01,11.14
1997-07-01,12.23
1997-08-01,14.98
1997-09-01,11.99
1997-10-01,6.05
1997-11-01,1.76
1997-12-01,-1.05
1998-01-01,-1.65
1998-02-01,1.01
1998-03-01,0.95
1998-04-01,3.38
1998-05-01,9.5
1998-06-01,12.56
1998-07-01,14.22
1998-08-01,14.38
1998-09-01,9.44
1998-10-01,5.63
1998-11-01,-1.85
1998-12-01,-2.05
1999-01-01,-1.46
1999-02-01,-4.18
1999-03-01,1.36
1999-04-01,3.7
1999-05-01,10.37
1999-06-01,10.79
1999-07-01,14.32
1999-08-01,13.76
1999-09-01,12.23
1999-10-01,6.46
1999-11-01,-0.77
1999-12-01,-2.12
2000-01-01,-3.4
2000-02-01,-0.42
2000-03-01,1.3
2000-04-01,4.96
2000-05-01,10.19
2000-06-01,13.4
2000-07-01,11.57
2000-08-01,14.67
2000-09-01,11.09
2000-10-01,6.56
2000-11-01,1.48
2000-12-01,0.46
2001-01-01,-2.06
2001-02-01,-1.02
2001-03-01,2.77
2001-04-01,2.23
2001-05-01,10.54
2001-06-01,10.78
2001-07-01,14.12
2001-08-01,14.99
2001-09-01,7.16
2001-10-01,9.63
2001-11-01,0.13
2001-12-01,-3.81
2002-01-01,-1.91
2002-02-01,0.95
2002-03-01,2.5
2002-04-01,4.23
2002-05-01,8.08
2002-06-01,14.44
2002-07-01,13.63
2002-08-01,13.03
2002-09-01,8.84
2002-10-01,6.34
2002-11-01,2.65
2002-12-01,0.15
2003-01-01,-3.79
2003-02-01,-5.02
2003-03-01,2.8
2003-04-01,4.39
2003-05-01,10.02
2003-06-01,17.34
2003-07-01,15.4
2003-08-01,17.89
2003-09-01,10.56
2003-10-01,3.48
2003-11-01,2.9
2003-12-01,-1.1
2004-01-01,-2.99
2004-02-01,-1.66
2004-03-01,-0.04
2004-04-01,4.32
2004-05-01,7.23
2004-06-01,12.0
2004-07-01,13.58
2004-08-01,14.04
2004-09-01,11.17
2004-10-01,7.99
2004-11-01,0.85
2004-12-01,-1.68
2005-01-01,-3.44
2005-02-01,-5.88
2005-03-01,0.67
2005-04-01,4.44
2005-05-01,9.14
2005-06-01,13.75
2005-07-01,13.95
2005-08-01,11.97
2005-09-01,11.27
2005-10-01,7.92
2005-11-01,0.4
2005-12-01,-4.3
2006-01-01,-4.43
2006-02-01,-3.38
2006-03-01,-1.09
2006-04-01,4.17
2006-05-01,8.57
2006-06-01,13.27
2006-07-01,17.69
2006-08-01,10.45
2006-09-01,13.14
2006-10-01,9.27
2006-11-01,3.71
2006-12-01,0.02
2007-01-01,0.38
2007-02-01,0.96
2007-03-01,1.31
2007-04-01,8.95
2007-05-01,9.7
2007-06-01,12.65
2007-07-01,13.41
2007-08-01,12.88
2007-09-01,8.91
2007-10-01,5.97
2007-11-01,-0.09
2007-12-01,-2.29
2008-01-01,-0.19
2008-02-01,0.3
2008-03-01,-0.11
2008-04-01,3.17
2008-05-01,10.09
2008-06-01,12.84
2008-07-01,13.74
2008-08-01,13.71
2008-09-01,8.8
2008-10-01,6.59
2008-11-01,0.94
2008-12-01,-2.52
2009-01-01,-4.45
2009-02-01,-3.43
2009-03-01,0.01
2009-04-01,6.3
2009-05-01,10.82
2009-06-01,11.99
2009-07-01,14.38
2009-08-01,15.72
2009-09-01,11.72
2009-10-01,6.06
2009-11-01,3.38
2009-12-01,-2.89
2010-01-01,-5.17
2010-02-01,-3.34
2010-03-01,-0.12
2010-04-01,5.11
2010-05-01,7.07
2010-06-01,12.33
2010-07-01,15.84
2010-08-01,12.88
2010-09-01,9.32
2010-10-01,5.49
2010-11-01,1.03
2010-12-01,-4.29
2011-01-01,-2.44
2011-02-01,-0.53
2011-03-01,2.31
2011-04-01,7.6
2011-05-01,10.58
2011-06-01,12.31
2011-07-01,12.05
2011-08-01,15.18
2011-09-01,12.63
2011-10-01,6.52
2011-11-01,3.69
2011-12-01,-0.52
2012-01-01,-1.81
2012-02-01,-6.48
2012-03-01,3.73
2012-04-01,4.08
2012-05-01,9.42
2012-06-01,13.29
2012-07-01,13.97
2012-08-01,15.54
2012-09-01,10.67
2012-10-01,6.84
2012-11-01,2.73
2012-12-01,-2.18
2013-01-01,-2.67
2013-02-01,-5.34
2013-03-01,-0.76
2013-04-01,4.87
2013-05-01,6.24
2013-06-01,11.49
2013-07-01,15.98
2013-08-01,14.41
2013-09-01,10.98
2013-10-01,7.95
2013-11-01,0.5
2013-12-01,-0.44
2014-01-01,-0.64
2014-02-01,-0.43
2014-03-01,2.81
2014-04-01,6.13
2014-05-01,7.73
2014-06-01,13.16
2014-07-01,13.33
2014-08-01,12.1
2014-09-01,11.2
2014-10-01,8.78
2014-11-01,4.33
2014-12-01,-0.36
2015-01-01,-1.66
2015-02-01,-3.21
2015-03-01,2.04
2015-04-01,5.34
2015-05-01,9.29
2015-06-01,13.6
2015-07-01,17.75
2015-08-01,15.57
2015-09-01,9.07
2015-10-01,5.88
2015-11-01,4.16
2015-12-01,2.24
2016-01-01,-1.11
2016-02-01,-0.18
2016-03-01,0.16
2016-04-01,4.59
2016-05-01,7.9
2016-06-01,11.99
2016-07-01,15.09
2016-08-01,14.8
2016-09-01,12.55
2016-10-01,5.38
2016-11-01,1.81
2016-12-01,-0.13
2017-01-01,-5.16
2017-02-01,0.47
2017-03-01,4.13
2017-04-01,4.43
2017-05-01,9.83
2017-06-01,15.2
2017-07-01,15.04
2017-08-01,15.46
2017-09-01,8.66
2017-10-01,7.78
2017-11-01,0.87
2017-12-01,-2.46
2018-01-01,0.47
2018-02-01,-5.21
2018-03-01,-0.18
2018-04-01,7.82
2018-05-01,10.46
2018-06-01,13.82
2018-07-01,16.23
2018-08-01,15.89
2018-09-01,12.58
2018-10-01,8.04
2018-11-01,2.78
2018-12-01,-0.13
2019-01-01,-4.38
2019-02-01,0.74
2019-03-01,2.29
2019-04-01,4.5
2019-05-01,6.12
2019-06-01,15.28
2019-07-01,16.22
2019-08-01,15.12
2019-09-01,11.4
2019-10-01,8.46
2019-11-01,1.51
2019-12-01,0.77
2020-01-01,-0.28
2020-02-01,1.64
2020-03-01,1.57
2020-04-01,7.65
2020-05-01,9.57
2020-06-01,11.85
2020-07-01,15.42
2020-08-01,15.22
2020-09-01,11.9
2020-10-01,5.38
2020-11-01,3.69
2020-12-01,-1.2
2021-01-01,-3.56
2021-02-01,0.84
2021-03-01,0.95
2021-04-01,2.9
2021-05-01,6.25
2021-06-01,14.39
2021-07-01,13.91
2021-08-01,13.12
2021-09-01,12.15
2021-10-01,6.28
2021-11-01,1.13
2021-12-01,-0.65
2022-01-01,-1.48
2022-02-01,-0.13
2022-03-01,2.38
2022-04-01,4.63
2022-05-01,11.51
2022-06-01,15.37
2022-07-01,16.97
2022-08-01,16.15
2022-09-01,10.09
2022-10-01,10.45
2022-11-01,3.33
2022-12-01,-0.28
2023-01-01,-1.61
2023-02-01,0.08
2023-03-01,2.66
2023-04-01,3.71
2023-05-01,9.36
2023-06-01,14.94
2023-07-01,15.98
2023-08-01,15.58
2023-09-01,14.3
2023-10-01,9.71
2023-11-01,1.59
2023-12-01,0.65
2024-01-01,-0.64
2024-02-01,2.7
2024-03-01,3.29
2024-04-01,5.19
2024-05-01,8.84
2024-06-01,13.08
2024-07-01,16.08
2024-08-01,17.07
2024-09-01,9.99
2024-10-01,8.4
2024-11-01,2.83
2024-12-01,-0.84
2025-01-01,-0.81
2025-02-01,-0.04
2025-03-01,2.8
2025-04-01,6.75
2025-05-01,9.06
2025-06-01,16.43
2025-07-01,14.18
2025-08-01,15.59
2025-09-01,10.95
2025-10-01,6.38
2025-11-01,
2025-12-01,
