date,electricity_consumption,temp,heat_need,quarter,gdp_real,population,month,year,season,consumption_lag_1,consumption_lag_12,temp_lag_1,gdp_lag_1,cluster,naive_last_month,naive_last_year,prediction_lr,prediction_rf,prediction_xgb,prediction_lasso
2019-01-01,5838,-4.38,22.38,2019Q1,178054.0,8544527.0,1,2019,winter,5469.0,5539.0,-0.13,183551.0,0,5469.0,5539.0,5699.406732725634,5882.793333333333,5810.0444,5699.35290513339
2019-02-01,5086,0.74,17.26,2019Q1,178054.0,8544527.0,2,2019,winter,5838.0,5342.0,-4.38,178054.0,0,5838.0,5342.0,5264.98886510529,5195.276666666667,5162.4556,5265.213583647463
2019-03-01,5176,2.29,15.71,2019Q1,178054.0,8544527.0,3,2019,spring,5086.0,5477.0,0.74,178054.0,0,5086.0,5477.0,5313.790669166803,5315.203333333333,5335.206,5313.933063530843
2019-04-01,4533,4.5,13.5,2019Q2,181115.0,8544527.0,4,2019,spring,5176.0,4363.0,2.29,178054.0,2,5176.0,4363.0,4613.408838852876,4487.6,4496.0713,4613.356178481496
2019-05-01,4611,6.12,11.879999999999999,2019Q2,181115.0,8544527.0,5,2019,spring,4533.0,4400.0,4.5,181115.0,2,4533.0,4400.0,4673.497876374589,4503.3533333333335,4506.461,4673.303750110528
2019-06-01,4200,15.28,2.7200000000000006,2019Q2,181115.0,8544527.0,6,2019,summer,4611.0,4325.0,6.12,181115.0,2,4611.0,4325.0,4285.597186394385,4339.513333333333,4309.201,4285.757252423966
2019-07-01,4195,16.22,1.7800000000000011,2019Q3,181080.0,8544527.0,7,2019,summer,4200.0,4246.0,15.28,181115.0,2,4200.0,4246.0,4237.992740304588,4261.04,4257.0483,4238.066015802295
2019-08-01,4125,15.12,2.880000000000001,2019Q3,181080.0,8544527.0,8,2019,summer,4195.0,4231.0,16.22,181080.0,2,4195.0,4231.0,4278.665798838163,4274.04,4246.123,4278.66784441506
2019-09-01,4282,11.4,6.6,2019Q3,181080.0,8544527.0,9,2019,autumn,4125.0,4295.0,15.12,181080.0,2,4125.0,4295.0,4462.878368914156,4343.916666666667,4344.7886,4462.705678055689
2019-10-01,4718,8.46,9.54,2019Q4,185983.0,8544527.0,10,2019,autumn,4282.0,4785.0,11.4,181080.0,2,4282.0,4785.0,4735.505621562479,4786.693333333334,4778.148,4735.561063108806
2019-11-01,5118,1.51,16.49,2019Q4,185983.0,8544527.0,11,2019,autumn,4718.0,5175.0,8.46,185983.0,0,4718.0,5175.0,5298.927304682511,5207.553333333333,5171.267,5298.839427108091
2019-12-01,5316,0.77,17.23,2019Q4,185983.0,8544527.0,12,2019,winter,5118.0,5469.0,1.51,185983.0,0,5118.0,5469.0,5461.789304815582,5358.926666666666,5309.636,5461.831017876932
2020-01-01,5503,-0.28,18.28,2020Q1,178061.0,8606033.0,1,2020,winter,5316.0,5838.0,0.77,185983.0,0,5316.0,5838.0,5764.129539989051,5587.36,5591.52,5764.200118903624
2020-02-01,4959,1.64,16.36,2020Q1,178061.0,8606033.0,2,2020,winter,5503.0,5086.0,-0.28,178061.0,0,5503.0,5086.0,5126.187038088901,5193.24,5232.5073,5126.206101323405
2020-03-01,4956,1.57,16.43,2020Q1,178061.0,8606033.0,3,2020,spring,4959.0,5176.0,1.64,178061.0,0,4959.0,5176.0,5204.261209133474,5235.996666666667,5272.2476,5204.156734625634
2020-04-01,4083,7.65,10.35,2020Q2,168511.0,8606033.0,4,2020,spring,4956.0,4533.0,1.57,178061.0,1,4956.0,4533.0,4818.145484237408,4449.07,4468.062,4817.708057842843
2020-05-01,4251,9.57,8.43,2020Q2,168511.0,8606033.0,5,2020,spring,4083.0,4611.0,7.65,168511.0,2,4083.0,4611.0,4611.790965762615,4477.886666666666,4497.202,4611.379498061331
2020-06-01,4192,11.85,6.15,2020Q2,168511.0,8606033.0,6,2020,summer,4251.0,4200.0,9.57,168511.0,2,4251.0,4200.0,4315.54938742271,4258.513333333333,4249.4463,4315.111137843618
2020-07-01,4209,15.42,2.58,2020Q3,178526.0,8606033.0,7,2020,summer,4192.0,4195.0,11.85,168511.0,2,4192.0,4195.0,4008.5869716970337,4244.06,4248.827,4008.611966982993
2020-08-01,4213,15.22,2.7799999999999994,2020Q3,178526.0,8606033.0,8,2020,summer,4209.0,4125.0,15.42,178526.0,2,4209.0,4125.0,4216.155849884395,4232.676666666666,4248.97,4215.99323487209
2020-09-01,4306,11.9,6.1,2020Q3,178526.0,8606033.0,9,2020,autumn,4213.0,4282.0,15.22,178526.0,2,4213.0,4282.0,4429.405501949761,4311.263333333333,4311.0557,4429.139298751426
2020-10-01,4832,5.38,12.620000000000001,2020Q4,184757.0,8606033.0,10,2020,autumn,4306.0,4718.0,11.9,178526.0,2,4306.0,4718.0,4792.3347423745,4793.153333333334,4806.773,4792.160651513099
2020-11-01,5065,3.69,14.31,2020Q4,184757.0,8606033.0,11,2020,autumn,4832.0,5118.0,5.38,184757.0,0,4832.0,5118.0,5182.44979508713,5149.263333333333,5075.64,5182.345057223865
2020-12-01,5528,-1.2,19.2,2020Q4,184757.0,8606033.0,12,2020,winter,5065.0,5316.0,3.69,184757.0,0,5065.0,5316.0,5466.625311060066,5478.643333333333,5459.313,5466.419263255433
2021-01-01,5748,-3.56,21.56,2021Q1,179877.0,8670300.0,1,2021,winter,5528.0,5503.0,-1.2,184757.0,0,5528.0,5503.0,5657.944057788336,5572.286666666667,5678.824,5657.809213236847
2021-02-01,4958,0.84,17.16,2021Q1,179877.0,8670300.0,2,2021,winter,5748.0,4959.0,-3.56,179877.0,0,5748.0,4959.0,5096.890682354191,5037.69,4920.5166,5096.840426894065
2021-03-01,5275,0.95,17.05,2021Q1,179877.0,8670300.0,3,2021,spring,4958.0,4956.0,0.84,179877.0,0,4958.0,4956.0,5132.574335056197,5096.843333333333,4804.798,5132.321124911483
2021-04-01,4680,2.9,15.1,2021Q2,187228.0,8670300.0,4,2021,spring,5275.0,4083.0,0.95,179877.0,2,5275.0,4083.0,4478.457941350571,4285.57,4401.574,4478.28601969163
2021-05-01,4595,6.25,11.75,2021Q2,187228.0,8670300.0,5,2021,spring,4680.0,4251.0,2.9,187228.0,2,4680.0,4251.0,4633.74171557193,4483.986666666667,4507.8506,4633.494684742065
2021-06-01,4365,14.39,3.6099999999999994,2021Q2,187228.0,8670300.0,6,2021,summer,4595.0,4192.0,6.25,187228.0,2,4595.0,4192.0,4301.067187220426,4287.966666666666,4284.702,4301.102580582126
2021-07-01,4436,13.91,4.09,2021Q3,190470.0,8670300.0,7,2021,summer,4365.0,4209.0,14.39,187228.0,2,4365.0,4209.0,4291.036569263451,4275.25,4257.6826,4291.1164663465315
2021-08-01,4307,13.12,4.880000000000001,2021Q3,190470.0,8670300.0,8,2021,summer,4436.0,4213.0,13.91,190470.0,2,4436.0,4213.0,4400.093125610918,4291.243333333333,4276.9053,4400.087655386844
2021-09-01,4422,12.15,5.85,2021Q3,190470.0,8670300.0,9,2021,autumn,4307.0,4306.0,13.12,190470.0,2,4307.0,4306.0,4495.534036013996,4319.19,4317.823,4495.464140412558
2021-10-01,4879,6.28,11.719999999999999,2021Q4,196122.0,8670300.0,10,2021,autumn,4422.0,4832.0,12.15,190470.0,2,4422.0,4832.0,4889.483822982293,4825.6033333333335,4754.113,4889.557986454616
2021-11-01,5415,1.13,16.87,2021Q4,196122.0,8670300.0,11,2021,autumn,4879.0,5065.0,6.28,196122.0,0,4879.0,5065.0,5318.5688501384575,5251.656666666667,5238.9756,5318.502977862969
2021-12-01,5723,-0.65,18.65,2021Q4,196122.0,8670300.0,12,2021,winter,5415.0,5528.0,1.13,196122.0,0,5415.0,5528.0,5602.391665108778,5649.77,5558.754,5602.512500399578
2022-01-01,5799,-1.48,19.48,2022Q1,191242.0,8738791.0,1,2022,winter,5723.0,5748.0,-0.65,196122.0,0,5723.0,5748.0,5755.734792660325,5784.343333333333,5671.085,5755.977360348843
2022-02-01,5143,-0.13,18.13,2022Q1,191242.0,8738791.0,2,2022,winter,5799.0,4958.0,-1.48,191242.0,0,5799.0,4958.0,5194.634903277329,5105.093333333333,5115.5713,5194.716949859532
2022-03-01,5334,2.38,15.620000000000001,2022Q1,191242.0,8738791.0,3,2022,spring,5143.0,5275.0,-0.13,191242.0,0,5143.0,5275.0,5292.532816977182,5274.55,5203.4526,5292.64916879822
2022-04-01,4690,4.63,13.370000000000001,2022Q2,194727.0,8738791.0,4,2022,spring,5334.0,4680.0,2.38,191242.0,2,5334.0,4680.0,4842.261036882992,4664.236666666667,4665.336,4842.412275356328
2022-05-01,4550,11.51,6.49,2022Q2,194727.0,8738791.0,5,2022,spring,4690.0,4595.0,4.63,194727.0,2,4690.0,4595.0,4647.342122510774,4450.02,4443.366,4647.519565197479
2022-06-01,4450,15.37,2.630000000000001,2022Q2,194727.0,8738791.0,6,2022,summer,4550.0,4365.0,11.51,194727.0,2,4550.0,4365.0,4397.386930862049,4303.133333333333,4293.94,4397.606270076722
2022-07-01,4432,16.97,1.0300000000000011,2022Q3,194856.0,8738791.0,7,2022,summer,4450.0,4436.0,15.37,194727.0,2,4450.0,4436.0,4381.513183640971,4326.256666666667,4341.158,4381.793176491556
2022-08-01,4381,16.15,1.8500000000000014,2022Q3,194856.0,8738791.0,8,2022,summer,4432.0,4307.0,16.97,194856.0,2,4432.0,4307.0,4358.281563468394,4308.986666666667,4307.285,4358.457670605159
2022-09-01,4417,10.09,7.91,2022Q3,194856.0,8738791.0,9,2022,autumn,4381.0,4422.0,16.15,194856.0,2,4381.0,4422.0,4657.95761988264,4448.236666666667,4454.3105,4657.8860563310445
2022-10-01,4471,10.45,7.550000000000001,2022Q4,199511.0,8738791.0,10,2022,autumn,4417.0,4879.0,10.09,194856.0,2,4417.0,4879.0,4794.752974969146,4822.623333333333,4784.2354,4794.987861370668
2022-11-01,4894,3.33,14.67,2022Q4,199511.0,8738791.0,11,2022,autumn,4471.0,5415.0,10.45,199511.0,2,4471.0,5415.0,5450.829656798698,5192.613333333334,5109.5195,5450.884828353024
2022-12-01,5415,-0.28,18.28,2022Q4,199511.0,8738791.0,12,2022,winter,4894.0,5723.0,3.33,199511.0,0,4894.0,5723.0,5730.457706508314,5495.11,5462.169,5730.533969912693
2023-01-01,5523,-1.61,19.61,2023Q1,194702.0,8815385.0,1,2023,winter,5415.0,5799.0,-0.28,199511.0,0,5415.0,5799.0,5811.65552974974,5771.31,5743.2896,5811.8397258556215
2023-02-01,4951,0.08,17.92,2023Q1,194702.0,8815385.0,2,2023,winter,5523.0,5143.0,-1.61,194702.0,0,5523.0,5143.0,5305.3097343418485,5238.573333333334,5238.838,5305.400659596897
2023-03-01,5150,2.66,15.34,2023Q1,194702.0,8815385.0,3,2023,spring,4951.0,5334.0,0.08,194702.0,0,4951.0,5334.0,5333.345505906676,5205.5233333333335,5206.499,5333.450796925274
2023-04-01,4563,3.71,14.29,2023Q2,195827.0,8815385.0,4,2023,spring,5150.0,4690.0,2.66,194702.0,2,5150.0,4690.0,4945.8018699220265,4673.906666666667,4644.386,4945.795269200578
2023-05-01,4381,9.36,8.64,2023Q2,195827.0,8815385.0,5,2023,spring,4563.0,4550.0,3.71,195827.0,2,4563.0,4550.0,4713.676377597716,4439.683333333333,4410.091,4713.6706462921575
2023-06-01,4343,14.94,3.0600000000000005,2023Q2,195827.0,8815385.0,6,2023,summer,4381.0,4450.0,9.36,195827.0,2,4381.0,4450.0,4464.307992653223,4310.6033333333335,4339.523,4464.447234349849
2023-07-01,4228,15.98,2.0199999999999996,2023Q3,195486.0,8815385.0,7,2023,summer,4343.0,4432.0,14.94,195827.0,2,4343.0,4432.0,4431.550145066358,4306.026666666667,4291.353,4431.699846057876
2023-08-01,4344,15.58,2.42,2023Q3,195486.0,8815385.0,8,2023,summer,4228.0,4381.0,15.98,195486.0,2,4228.0,4381.0,4424.684979960308,4283.206666666667,4287.1543,4424.756830515951
2023-09-01,4292,14.3,3.6999999999999993,2023Q3,195486.0,8815385.0,9,2023,autumn,4344.0,4417.0,15.58,195486.0,2,4344.0,4417.0,4493.1331170828635,4339.0633333333335,4346.751,4493.169993136777
2023-10-01,4561,9.71,8.29,2023Q4,200762.0,8815385.0,10,2023,autumn,4292.0,4471.0,14.3,195486.0,2,4292.0,4471.0,4612.12069896629,4446.65,4432.0903,4612.130279005709
2023-11-01,5076,1.59,16.41,2023Q4,200762.0,8815385.0,11,2023,autumn,4561.0,4894.0,9.71,200762.0,0,4561.0,4894.0,5252.034524413524,4928.953333333333,4914.065,5251.811566070683
2023-12-01,5298,0.65,17.35,2023Q4,200762.0,8815385.0,12,2023,winter,5076.0,5415.0,1.59,200762.0,0,5076.0,5415.0,5532.124186350629,5351.93,5314.279,5532.128608678366
2024-01-01,5608,-0.64,18.64,2024Q1,195069.0,8962258.0,1,2024,winter,5298.0,5523.0,0.65,200762.0,0,5298.0,5523.0,5593.910112408252,5617.366666666667,5562.4956,5594.010630627687
